trial_id,label,subject,timestamp,duration_s,n_samples,mean_cop_x,mean_cop_y,rms_ml,rms_ap,range_ml,range_ap,path_length_cm,mean_velocity_cm_s,ellipse_area_cm2,anterior_pct,lr_asymmetry,mpf_ml,f50_ml,mpf_ap,f50_ap
0000_neutral_S01,neutral,S01,20260630-233611,5.000,501,-0.046857,-2.635722,0.061168,0.040743,0.392491,0.264620,25.918730,5.183746,0.046697,38.439815,0.216430,11.686100,8.982036,13.640784,11.776447
0001_neutral_S01,neutral,S01,20260630-233617,5.000,501,-0.005196,-2.621177,0.060910,0.039530,0.344974,0.217499,25.752538,5.150508,0.045295,38.503610,0.023998,12.344521,9.381238,14.954776,12.175649
0002_neutral_S01,neutral,S01,20260630-233623,5.000,501,-0.011942,-2.620001,0.060038,0.036188,0.390623,0.247042,25.383488,5.076698,0.040843,38.508769,0.055158,12.291976,9.780439,14.847841,13.173653
0003_neutral_S01,neutral,S01,20260630-233630,5.000,501,0.004629,-2.613891,0.056700,0.037976,0.323832,0.225890,25.750330,5.150066,0.040503,38.535566,0.021379,14.640211,12.774451,14.035345,12.375250
0004_neutral_S01,neutral,S01,20260630-233638,5.000,501,0.022755,-2.622209,0.058867,0.041851,0.331640,0.234295,25.532534,5.106507,0.046199,38.499085,0.105103,13.033545,11.177645,12.695940,9.780439
0005_slouched_S01,slouched,S01,20260630-233647,5.000,501,0.063533,-0.830612,0.048664,0.076171,0.278257,0.332209,19.017927,3.803585,0.069685,46.356963,0.293457,11.619941,7.984032,2.033240,0.199601
0006_slouched_S01,slouched,S01,20260630-233652,5.010,502,0.028857,-0.829610,0.047772,0.030706,0.310137,0.171649,17.029818,3.399165,0.027599,46.361361,0.133289,9.326969,5.378486,8.914166,2.390438
0007_slouched_S01,slouched,S01,20260630-233659,5.000,501,0.046050,-0.833567,0.046049,0.046475,0.259735,0.232422,17.802654,3.560531,0.039302,46.344004,0.212702,10.422188,7.984032,4.803690,0.199601
0008_slouched_S01,slouched,S01,20260630-233707,5.000,501,0.021971,-0.848159,0.044051,0.031466,0.290813,0.193507,16.901653,3.380331,0.026010,46.280006,0.101483,10.137336,6.187625,8.340864,3.592814
0009_slouched_S01,slouched,S01,20260630-233714,5.000,501,-0.011863,-0.846225,0.043693,0.027141,0.247912,0.167901,17.442595,3.488519,0.022287,46.288487,0.054794,11.018037,8.183633,13.178960,12.175649
0010_neutral_S02,neutral,S02,20260630-234935,5.010,502,2.235171,-1.768715,0.154433,0.069254,0.713907,0.340043,27.341040,5.457293,0.149226,42.242478,10.324117,2.604272,0.199203,4.619191,0.199203
0011_neutral_S02,neutral,S02,20260630-234941,5.000,501,2.415030,-1.608643,0.099268,0.054547,0.543266,0.324771,26.904992,5.380998,0.091163,42.944546,11.154875,5.516462,0.598802,8.745073,4.590818
0012_neutral_S02,neutral,S02,20260630-234946,5.000,501,2.431453,-1.479641,0.075248,0.047235,0.493892,0.298642,27.281965,5.456393,0.065164,43.510348,11.230729,9.421095,4.990020,11.319955,8.183633
0013_neutral_S02,neutral,S02,20260630-234952,5.000,501,2.365491,-1.429358,0.071397,0.042389,0.425540,0.261332,27.136417,5.427283,0.056622,43.730886,10.926055,10.324621,6.187625,13.246621,11.776447
0014_neutral_S02,neutral,S02,20260630-234957,5.000,501,2.379181,-1.418151,0.065519,0.040468,0.381822,0.266982,28.040515,5.608103,0.049892,43.780040,10.989290,12.573343,9.580838,14.584923,11.976048
0015_slouched_S02,slouched,S02,20260630-235006,5.000,501,0.964891,-0.394585,0.062432,0.081629,0.402204,0.335822,19.934240,3.986848,0.090306,48.269366,4.456771,7.382630,0.798403,2.355072,0.199601
0016_slouched_S02,slouched,S02,20260630-235011,5.000,501,0.897089,-0.382400,0.056494,0.086213,0.319211,0.370319,19.946771,3.989354,0.080641,48.322809,4.143598,8.839399,3.193613,2.183224,0.199601
0017_slouched_S02,slouched,S02,20260630-235017,5.000,501,0.863672,-0.280150,0.049168,0.035508,0.323167,0.199414,19.658245,3.931649,0.032449,48.771270,3.989248,12.334585,9.980040,8.801937,3.992016
0018_slouched_S02,slouched,S02,20260630-235023,5.000,501,0.812972,-0.246583,0.044439,0.031029,0.317741,0.198581,21.017156,4.203431,0.025899,48.918494,3.755065,15.353088,12.175649,12.480284,9.980040
0019_slouched_S02,slouched,S02,20260630-235028,5.000,501,0.796980,-0.235918,0.046648,0.032873,0.285763,0.186987,19.706022,3.941204,0.028860,48.965272,3.681201,13.092163,10.578842,11.863633,7.385230
0020_neutral_S03,neutral,S03,20260701-000838,5.000,501,0.810045,-4.209132,0.117489,0.076973,0.691378,0.424720,55.580483,11.116097,0.169362,31.538895,3.741547,14.914425,11.976048,15.715708,13.373253
0021_neutral_S03,neutral,S03,20260701-000848,5.000,501,0.824348,-4.157123,0.114485,0.075609,0.662702,0.439291,54.107566,10.821513,0.162824,31.767003,3.807612,14.946295,13.173653,17.055417,15.369261
0022_neutral_S03,neutral,S03,20260701-000857,5.000,501,0.825826,-4.164948,0.121083,0.075946,0.759148,0.411132,54.721721,10.944344,0.170259,31.732684,3.814441,14.466991,11.976048,16.368799,14.970060
0023_neutral_S03,neutral,S03,20260701-000904,5.000,501,0.831939,-4.170418,0.110101,0.073471,0.771372,0.456720,51.972780,10.394556,0.151645,31.708693,3.842675,14.388568,12.574850,16.217617,14.570858
0024_neutral_S03,neutral,S03,20260701-000910,5.000,501,0.820390,-4.178233,0.110147,0.082728,0.732071,0.608969,49.472518,9.894504,0.171500,31.674417,3.789331,13.120030,10.778443,14.523802,13.173653
0025_slouched_S03,slouched,S03,20260701-000923,5.000,501,1.090413,-5.391892,0.113315,0.078554,0.778922,0.501019,52.268999,10.453800,0.167480,26.351350,5.036552,12.896846,11.377246,16.045078,14.371257
0026_slouched_S03,slouched,S03,20260701-000931,5.000,501,1.127099,-5.366057,0.107262,0.079424,0.790848,0.485197,49.631159,9.926232,0.160314,26.464661,5.205999,13.155842,9.980040,14.922337,12.774451
0027_slouched_S03,slouched,S03,20260701-000937,5.000,501,1.161902,-5.351341,0.114807,0.070757,0.795068,0.465751,49.081582,9.816316,0.152888,26.529204,5.366753,13.479315,9.780439,14.684271,12.574850
0028_slouched_S03,slouched,S03,20260701-000943,5.000,501,1.172347,-5.329382,0.113970,0.072693,0.809750,0.423422,53.418593,10.683719,0.155866,26.625516,5.414996,15.921021,14.171657,14.429856,12.375249
0029_slouched_S03,slouched,S03,20260701-000950,5.010,502,1.174513,-5.310596,0.110442,0.080648,0.615698,0.424578,54.420007,10.862277,0.167533,26.707911,5.425004,14.604980,12.350598,15.464331,12.749004
0030_neutral_S01,neutral,S01,20260713-105110,30.000,3001,0.013290,-0.616395,0.165965,0.439152,1.363115,1.994717,54.619927,1.820664,1.284565,47.296514,0.061385,0.574972,0.099967,0.141582,0.066644
0031_slouched_S01,slouched,S01,20260713-105437,30.000,3001,0.120764,0.807520,0.964789,1.514263,10.599977,7.144729,105.154059,3.505135,26.950471,53.541756,0.557803,0.591940,0.499833,0.293694,0.066644
0032_neutral_S01,neutral,S01,20260713-105637,30.000,3001,-0.056579,-0.167110,0.234063,0.429558,1.901231,2.426234,53.190177,1.773006,1.399277,49.267062,0.261335,0.450375,0.099967,0.283508,0.066644
0033_slouched_S01,slouched,S01,20260713-105714,30.000,3001,-0.140781,3.092523,1.252891,0.720723,8.334956,3.717757,94.752048,3.158402,16.987752,63.563697,0.650257,0.253722,0.133289,0.213070,0.133289
