time_s,cop_x_cm,cop_y_cm,mass_kg,tr_kg,tl_kg,br_kg,bl_kg
1625.16190,-0.16936,-2.38425,55.65637,10.74923,11.25883,16.86127,16.78704
1625.17190,-0.16933,-2.38431,55.65711,10.74910,11.25911,16.86179,16.78711
1625.18190,-0.16704,-2.39045,55.73044,10.73577,11.28644,16.91446,16.79377
1625.19190,-0.16584,-2.39358,55.76687,10.72923,11.29972,16.94061,16.79731
1625.20190,-0.15838,-2.40627,55.81658,10.72923,11.28829,16.97490,16.82417
1625.21190,-0.14660,-2.43561,55.85267,10.70183,11.25805,17.03540,16.85739
1625.22190,-0.14396,-2.44406,55.85237,10.69023,11.24883,17.05027,16.86304
1625.23190,-0.08408,-2.44011,55.80316,10.70781,11.22159,17.08542,16.78834
1625.24190,-0.09227,-2.44831,55.64260,10.69246,11.15383,17.01027,16.78604
1625.25190,-0.09434,-2.44940,55.62337,10.69023,11.14583,17.00027,16.78704
1625.26190,-0.04450,-2.42509,55.79513,10.80955,11.15343,17.03067,16.80148
1625.27190,-0.02883,-2.41745,55.84937,10.84723,11.15583,17.04027,16.80604
1625.28190,-0.06029,-2.44490,55.81225,10.75784,11.16341,17.07057,16.82043
1625.29190,-0.04985,-2.46181,55.79218,10.73668,11.13528,17.09517,16.82504
1625.30190,-0.04283,-2.46459,55.78937,10.73923,11.12483,17.10027,16.82504
1625.31190,-0.06878,-2.46460,55.75112,10.72423,11.12483,17.06277,16.83929
1625.32190,-0.07583,-2.46197,55.77461,10.71923,11.14547,17.07040,16.83951
1625.33190,-0.07424,-2.45938,55.81037,10.71923,11.16583,17.09027,16.83504
1625.34190,-0.08880,-2.44538,55.72154,10.73813,11.14630,17.00837,16.82874
1625.35190,-0.09737,-2.43714,55.66937,10.74923,11.13483,16.96027,16.82504
1625.36190,-0.08822,-2.42730,55.72040,10.77380,11.15436,16.97287,16.81937
1625.37190,-0.10612,-2.41736,55.72445,10.78823,11.16583,16.93743,16.83296
1625.38190,-0.14308,-2.41072,55.68331,10.78823,11.16583,16.86943,16.85982
1625.39190,-0.14752,-2.40993,55.67837,10.78823,11.16583,16.86127,16.86304
1625.40190,-0.16434,-2.37650,55.70070,10.83734,11.20719,16.80161,16.85457
1625.41190,-0.21303,-2.40056,55.72937,10.75923,11.23783,16.83127,16.90104
1625.42190,-0.22383,-2.40142,55.72760,10.75480,11.23946,16.82093,16.91241
1625.43190,-0.28613,-2.40640,55.71737,10.72923,11.24883,16.76127,16.97804
1625.44190,-0.29061,-2.39538,55.73675,10.74443,11.26821,16.74987,16.97424
1625.45190,-0.32835,-2.38332,55.78641,10.75772,11.30406,16.71246,17.01218
1625.46190,-0.37717,-2.39278,55.81537,10.73923,11.31083,16.68227,17.08304
1625.47190,-0.40622,-2.38725,55.77325,10.71622,11.33072,16.64717,17.07914
1625.48190,-0.45098,-2.38950,55.74520,10.67243,11.35793,16.61957,17.09527
1625.49190,-0.44979,-2.40653,55.80437,10.66023,11.35183,16.66227,17.13004
1625.50190,-0.44979,-2.40653,55.80437,10.66023,11.35183,16.66227,17.13004
1625.51190,-0.48314,-2.39106,55.79932,10.67033,11.37759,16.60672,17.14468
1625.52190,-0.51784,-2.37676,55.79967,10.68023,11.40283,16.55227,17.16433
1625.53190,-0.54648,-2.38010,55.73491,10.64643,11.40283,16.51760,17.16804
1625.54190,-0.56145,-2.38436,55.77337,10.65123,11.40283,16.51227,17.20704
1625.55190,-0.55995,-2.38896,55.80116,10.65359,11.40021,16.52537,17.22198
1625.56190,-0.56910,-2.40920,55.82168,10.62945,11.38289,16.54772,17.26162
1625.57190,-0.61103,-2.43222,55.64137,10.53323,11.35183,16.50227,17.25404
1625.58190,-0.60197,-2.43151,55.68295,10.55699,11.34616,16.51037,17.26943
1625.59190,-0.57753,-2.42959,55.79537,10.62123,11.33083,16.53227,17.31104
1625.60190,-0.57753,-2.42959,55.79537,10.62123,11.33083,16.53227,17.31104
1625.61190,-0.56650,-2.43706,55.80754,10.61292,11.32565,16.56071,17.30826
1625.62190,-0.53530,-2.47720,55.80822,10.61968,11.22092,16.59450,17.37312
1625.63190,-0.53326,-2.49190,55.79927,10.61297,11.18815,16.59947,17.39868
1625.64190,-0.55863,-2.53241,55.74712,10.55821,11.12347,16.59613,17.46931
1625.65190,-0.51994,-2.57520,55.77037,10.53323,11.05283,16.68227,17.50204
1625.66190,-0.52176,-2.58230,55.76452,10.52296,11.04347,16.68734,17.51075
1625.67190,-0.53396,-2.62986,55.72537,10.45423,10.98083,16.72127,17.56904
1625.68190,-0.53396,-2.62986,55.72537,10.45423,10.98083,16.72127,17.56904
1625.69190,-0.57487,-2.66977,55.63095,10.36399,10.93738,16.71291,17.61667
1625.70190,-0.59214,-2.67923,55.69837,10.39523,10.90883,16.69227,17.70204
1625.71190,-0.59214,-2.67923,55.69837,10.39523,10.90883,16.69227,17.70204
1625.72190,-0.59131,-2.69551,55.77637,10.37523,10.91883,16.75127,17.73104
1625.73190,-0.54717,-2.72693,55.84437,10.36523,10.87783,16.85127,17.75004
1625.74190,-0.54717,-2.72693,55.84437,10.36523,10.87783,16.85127,17.75004
1625.75190,-0.55264,-2.72448,55.84437,10.36759,10.88148,16.84185,17.75345
1625.76190,-0.59369,-2.70611,55.84437,10.38523,10.90883,16.77127,17.77904
1625.77190,-0.58632,-2.70981,55.82796,10.37985,10.89890,16.77816,17.77104
1625.78190,-0.54616,-2.73221,55.70012,10.34373,10.83158,16.80377,17.72104
1625.79190,-0.56412,-2.72993,55.62437,10.33623,10.81583,16.75127,17.72104
1625.80190,-0.56142,-2.73375,55.63113,10.32948,10.81583,16.76478,17.72104
1625.81190,-0.53557,-2.74549,55.62381,10.34383,10.77007,16.78007,17.72984
1625.82190,-0.53223,-2.74684,55.62237,10.34623,10.76383,16.78127,17.73104
1625.83190,-0.51837,-2.75547,55.64771,10.32814,10.77047,16.82952,17.71958
1625.84190,-0.50927,-2.76115,55.66437,10.31623,10.77483,16.86127,17.71204
1625.85190,-0.52051,-2.77449,55.64666,10.30853,10.74326,16.84587,17.74900
1625.86190,-0.50870,-2.78665,55.69422,10.29868,10.74138,16.89411,17.76004
1625.87190,-0.50378,-2.78931,55.71137,10.29623,10.74383,16.91127,17.76004
1625.88190,-0.49498,-2.79124,55.74937,10.32157,10.72813,16.91583,17.78385
1625.89190,-0.47621,-2.79446,55.82458,10.34623,10.72398,16.95210,17.80226
1625.90190,-0.46719,-2.79564,55.85837,10.34623,10.73383,16.98027,17.79804
1625.91190,-0.46716,-2.79890,55.83733,10.33597,10.72819,16.98027,17.79291
1625.92190,-0.46714,-2.80198,55.81737,10.32623,10.72283,16.98027,17.78804
1625.93190,-0.44154,-2.79940,55.80063,10.33863,10.71043,16.99267,17.75890
1625.94190,-0.39398,-2.79479,55.66885,10.33383,10.67679,16.99407,17.66416
1625.95190,-0.37439,-2.79292,55.59437,10.32623,10.66083,16.99027,17.61704
1625.96190,-0.34372,-2.79350,55.56506,10.32623,10.64836,17.01522,17.57525
1625.97190,-0.32329,-2.78028,55.54111,10.34439,10.65336,17.01148,17.53188
1625.98190,-0.32214,-2.77218,55.53737,10.35523,10.66083,17.00027,17.52104
1625.99190,-0.31589,-2.77229,55.54342,10.35523,10.66285,17.01127,17.51407
1626.00190,-0.28806,-2.77279,55.57037,10.35523,10.67183,17.06027,17.48304
1626.01190,-0.28162,-2.78667,55.56601,10.34971,10.64189,17.07189,17.50252
1626.02190,-0.24387,-2.81535,55.63819,10.36209,10.58680,17.14365,17.54566
1626.03190,-0.21570,-2.80872,55.74437,10.39523,10.60983,17.19927,17.54004
1626.04190,-0.21231,-2.79516,55.77457,10.42444,10.62518,17.18937,17.53559
1626.05190,-0.20756,-2.77780,55.80804,10.46723,10.63750,17.16927,17.53404
1626.06190,-0.20496,-2.77073,55.81337,10.49323,10.63083,17.14927,17.54004
1626.07190,-0.20097,-2.75850,55.85669,10.50843,10.66199,17.16067,17.52560
1626.08190,-0.19447,-2.73858,55.92737,10.53323,10.71283,17.17927,17.50204
1626.09190,-0.19609,-2.74508,55.84746,10.51067,10.68913,17.16015,17.48751
1626.10190,-0.19136,-2.74724,55.67647,10.45536,10.67424,17.13682,17.41005
1626.11190,-0.17924,-2.73343,55.60737,10.42423,10.71283,17.14927,17.32104
1626.12190,-0.17924,-2.73343,55.60737,10.42423,10.71283,17.14927,17.32104
1626.13190,-0.14115,-2.72383,55.55711,10.48200,10.65937,17.11545,17.30029
1626.14190,-0.14382,-2.71186,55.75537,10.53323,10.71283,17.15927,17.35004
1626.15190,-0.14200,-2.71546,55.74562,10.52073,10.71283,17.16927,17.34279
1626.16190,-0.13653,-2.72624,55.71637,10.48323,10.71283,17.19927,17.32104
1626.17190,-0.13653,-2.72624,55.71637,10.48323,10.71283,17.19927,17.32104
1626.18190,-0.08745,-2.72042,55.67437,10.52298,10.67133,17.20177,17.27829
1626.19190,-0.11353,-2.70818,55.75537,10.55223,10.70283,17.17927,17.32104
1626.20190,-0.11366,-2.70572,55.74709,10.55366,10.70426,17.17355,17.31561
1626.21190,-0.11413,-2.69660,55.71640,10.55895,10.70955,17.15239,17.29551
1626.22190,-0.08357,-2.68637,55.79637,10.60123,10.72283,17.18927,17.28304
1626.23190,-0.09244,-2.68303,55.80729,10.60123,10.73519,17.18327,17.28760
1626.24190,-0.15742,-2.65854,55.88737,10.60123,10.82583,17.13927,17.32104
1626.25190,-0.16023,-2.65715,55.87562,10.60014,10.82583,17.13090,17.31874
1626.26190,-0.17677,-2.64488,55.78547,10.59559,10.82583,17.06941,17.29464
1626.27190,-0.14731,-2.62839,55.74772,10.62142,10.82583,17.06278,17.23768
1626.28190,-0.13693,-2.62174,55.73312,10.63104,10.82685,17.05928,17.21595
1626.29190,-0.21934,-2.58405,55.70737,10.61123,10.92883,16.96027,17.20704
1626.30190,-0.21626,-2.56191,55.69937,10.63123,10.95983,16.94027,17.16804
1626.31190,-0.21626,-2.56191,55.69937,10.63123,10.95983,16.94027,17.16804
1626.32190,-0.16818,-2.57245,55.78875,10.64008,10.95983,17.03761,17.15123
1626.33190,-0.16194,-2.57382,55.80037,10.64123,10.95983,17.05027,17.14904
1626.34190,-0.23370,-2.56186,55.70445,10.62363,10.96951,16.92795,17.18336
1626.35190,-0.25398,-2.53899,55.71865,10.63883,11.01571,16.89367,17.17044
1626.36190,-0.25541,-2.53609,55.72237,10.64123,11.02183,16.89127,17.16804
1626.37190,-0.34219,-2.52733,55.73293,10.67555,11.01303,16.75047,17.29388
1626.38190,-0.43282,-2.52826,55.71149,10.58519,11.09279,16.71367,17.31984
1626.39190,-0.44357,-2.52855,55.70837,10.57223,11.10383,16.71127,17.32104
1626.40190,-0.45101,-2.51891,55.62936,10.58973,11.07910,16.64552,17.31501
1626.41190,-0.45592,-2.51256,55.57737,10.60123,11.06283,16.60227,17.31104
1626.42190,-0.49171,-2.53860,55.62687,10.57198,11.04783,16.60977,17.39729
1626.43190,-0.51899,-2.50010,55.72711,10.61248,11.14041,16.58314,17.39109
1626.44190,-0.52471,-2.48252,55.75837,10.63123,11.17683,16.57227,17.37804
1626.45190,-0.53666,-2.45818,55.75762,10.67548,11.19183,16.51227,17.37804
1626.46190,-0.50644,-2.46994,55.66874,10.64554,11.15820,16.53772,17.32728
1626.47190,-0.49548,-2.47632,55.64037,10.63123,11.14583,16.55227,17.31104
1626.48190,-0.49401,-2.47098,55.67412,10.64586,11.15746,16.55602,17.31479
1626.49190,-0.49206,-2.46386,55.71912,10.66536,11.17296,16.56102,17.31979
1626.50190,-0.45790,-2.50388,55.78245,10.65225,11.11297,16.64907,17.36816
1626.51190,-0.45052,-2.50694,55.78585,10.64743,11.11165,16.66507,17.36170
1626.52190,-0.45862,-2.49312,55.76837,10.65123,11.13483,16.64227,17.34004
1626.53190,-0.45862,-2.49312,55.76837,10.65123,11.13483,16.64227,17.34004
1626.54190,-0.40479,-2.50230,55.78677,10.69199,11.07879,16.67987,17.33612
1626.55190,-0.37019,-2.48875,55.75637,10.72923,11.06283,16.67227,17.29204
1626.56190,-0.37376,-2.48501,55.79853,10.72510,11.09259,16.69252,17.28832
1626.57190,-0.37882,-2.47971,55.85837,10.71923,11.13483,16.72127,17.28304
1626.58190,-0.34190,-2.47299,55.85580,10.73469,11.13483,16.75218,17.23410
1626.59190,-0.28347,-2.47132,55.76019,10.75438,11.08180,16.76067,17.16333
1626.60190,-0.26109,-2.47571,55.67237,10.75923,11.03183,16.74127,17.14004
1626.61190,-0.28345,-2.46111,55.64713,10.76902,11.04780,16.69027,17.14004
1626.62190,-0.28147,-2.44966,55.64575,10.78454,11.05968,16.67662,17.12491
1626.63190,-0.23719,-2.45410,55.68878,10.79666,11.05362,16.74268,17.09582
1626.64190,-0.21673,-2.45871,55.67940,10.79439,11.04093,16.76662,17.07745
1626.65190,-0.19309,-2.46520,55.65537,10.78823,11.02183,16.79127,17.05404
1626.66190,-0.19847,-2.44508,55.63865,10.79963,11.05299,16.76467,17.02136
1626.67190,-0.19540,-2.41318,55.62711,10.82207,11.10383,16.74046,16.96075
1626.68190,-0.17637,-2.41474,55.65237,10.82823,11.10383,16.77127,16.94904
1626.69190,-0.17637,-2.41474,55.65237,10.82823,11.10383,16.77127,16.94904
1626.70190,-0.15379,-2.32543,55.75785,10.97358,11.21846,16.70731,16.85850
1626.71190,-0.13783,-2.29400,55.88805,11.01921,11.30168,16.74691,16.82025
1626.72190,-0.13490,-2.27814,55.85876,11.02423,11.32384,16.73112,16.77957
1626.73190,-0.13179,-2.24536,55.74400,11.02423,11.35807,16.67810,16.68360
1626.74190,-0.13145,-2.24174,55.73137,11.02423,11.36183,16.67227,16.67304
1626.75190,-0.12653,-2.14907,55.73620,11.10830,11.50625,16.59693,16.52472
1626.76190,-0.15459,-2.10402,55.70153,11.12163,11.58891,16.53027,16.46072
1626.77190,-0.15596,-2.08308,55.68890,11.13631,11.62023,16.50756,16.42481
1626.78190,-0.14827,-2.02332,55.65633,11.18659,11.70251,16.45099,16.31624
1626.79190,-0.14450,-1.99401,55.64037,11.21123,11.74283,16.42327,16.26304
1626.80190,-0.15320,-1.97133,55.59237,11.22623,11.76333,16.37327,16.22954
1626.81190,-0.13402,-1.92548,55.56134,11.27204,11.81642,16.33666,16.13622
1626.82190,-0.10259,-1.89063,55.57358,11.31023,11.86828,16.34489,16.05018
1626.83190,-0.11865,-1.84549,55.54360,11.32043,11.95553,16.29918,15.96847
1626.84190,-0.10651,-1.81912,55.63678,11.35963,12.01973,16.32190,15.93552
1626.85190,-0.10046,-1.80596,55.68337,11.37923,12.05183,16.33327,15.91904
1626.86190,-0.11092,-1.77820,55.75777,11.43379,12.09647,16.30227,15.92524
1626.87190,-0.11731,-1.76122,55.80337,11.46723,12.12383,16.28327,15.92904
1626.88190,-0.10292,-1.73083,55.77857,11.47343,12.18149,16.28327,15.84038
1626.89190,-0.10958,-1.68538,55.80345,11.50792,12.26881,16.25258,15.77414
1626.90190,-0.11881,-1.66939,55.82737,11.52623,12.29983,16.23427,15.76704
1626.91190,-0.13095,-1.66459,55.72396,11.47055,12.32313,16.22290,15.70738
1626.92190,-0.15182,-1.63328,55.81237,11.51623,12.39183,16.19427,15.71004
1626.93190,-0.14566,-1.62617,55.79128,11.52581,12.39062,16.18215,15.69271
1626.94190,-0.10093,-1.57446,55.63837,11.59523,12.38183,16.09427,15.56704
1626.95190,-0.10093,-1.57446,55.63837,11.59523,12.38183,16.09427,15.56704
1626.96190,-0.11579,-1.60383,55.60037,11.50723,12.38183,16.14427,15.56704
1626.97190,-0.10249,-1.57701,55.42537,11.48723,12.39183,16.09427,15.45204
1626.98190,-0.10249,-1.57701,55.42537,11.48723,12.39183,16.09427,15.45204
1626.99190,-0.11037,-1.55958,55.58437,11.55623,12.43383,16.09427,15.50004
1627.00190,-0.11675,-1.59253,55.70137,11.51623,12.44383,16.18427,15.55704
1627.01190,-0.11675,-1.59253,55.70137,11.51623,12.44383,16.18427,15.55704
1627.02190,-0.10545,-1.57335,55.68842,11.53242,12.46893,16.17617,15.51090
1627.03190,-0.10279,-1.56883,55.68537,11.53623,12.47483,16.17427,15.50004
1627.04190,-0.08516,-1.59182,55.69234,11.51881,12.43911,16.21783,15.51659
1627.05190,-0.07581,-1.58565,55.88407,11.56808,12.48744,16.27612,15.55243
1627.06190,-0.07488,-1.58433,55.91037,11.57523,12.49483,16.28327,15.55704
1627.07190,-0.09467,-1.59661,55.75461,11.52407,12.44893,16.23135,15.55027
1627.08190,-0.10668,-1.60273,55.73262,11.49973,12.44883,16.22927,15.55479
1627.09190,-0.10851,-1.60343,55.74237,11.49723,12.45383,16.23427,15.55704
1627.10190,-0.09909,-1.59889,55.72717,11.51193,12.44370,16.22413,15.54741
1627.11190,-0.06533,-1.61483,55.72971,11.52623,12.39152,16.25454,15.55741
1627.12190,-0.03975,-1.63322,55.75137,11.53123,12.35083,16.29327,15.57604
1627.13190,-0.04313,-1.61825,55.75476,11.54430,12.37583,16.27754,15.55709
1627.14190,-0.05102,-1.59782,55.75237,11.55623,12.41283,16.25427,15.52904
1627.15190,-0.03001,-1.63548,55.69819,11.51906,12.33471,16.29144,15.55298
1627.16190,-0.00624,-1.69853,55.73686,11.46605,12.25016,16.39436,15.62630
1627.17190,0.00063,-1.72315,55.77937,11.44723,12.22683,16.44327,15.66204
1627.18190,0.01289,-1.71967,55.84695,11.48443,12.22683,16.45567,15.68002
1627.19190,0.02039,-1.71754,55.88837,11.50723,12.22683,16.46327,15.69104
1627.20190,0.02354,-1.72873,55.89369,11.50369,12.20522,16.47354,15.71123
1627.21190,0.02863,-1.74676,55.90226,11.49798,12.17036,16.49011,15.74381
1627.22190,0.02055,-1.77365,55.85639,11.46243,12.12059,16.49227,15.78110
1627.23190,0.01924,-1.77733,55.84937,11.45723,12.11383,16.49227,15.78604
1627.24190,0.00368,-1.81228,55.80400,11.39703,12.06933,16.50972,15.82792
1627.25190,0.05352,-1.83539,55.85625,11.41460,12.01714,16.58257,15.84195
1627.26190,0.06070,-1.83786,55.86437,11.41823,12.01083,16.59227,15.84304
1627.27190,0.03675,-1.81762,55.74637,11.40823,12.02083,16.51227,15.80504
1627.28190,0.05394,-1.86193,55.64437,11.34923,11.92883,16.54227,15.82404
1627.29190,0.04996,-1.85967,55.65135,11.34599,11.94051,16.54389,15.82096
1627.30190,0.02940,-1.84800,55.68737,11.32923,12.00083,16.55227,15.80504
1627.31190,0.03725,-1.86403,55.66264,11.31929,11.96130,16.55992,15.82213
1627.32190,0.05794,-1.90625,55.59753,11.29311,11.85728,16.58005,15.86709
1627.33190,0.02277,-1.93698,55.74837,11.25123,11.88683,16.65227,15.95804
1627.34190,0.03159,-1.93651,55.77512,11.26848,11.88183,16.65977,15.96504
1627.35190,0.06218,-1.94285,55.83962,11.31273,11.84883,16.68727,15.99079
1627.36190,0.07475,-1.96610,55.79237,11.29023,11.79483,16.70227,16.00504
1627.37190,0.07475,-1.96610,55.79237,11.29023,11.79483,16.70227,16.00504
1627.38190,0.04021,-1.95128,55.80137,11.31023,11.81483,16.64227,16.03404
1627.39190,0.03936,-1.95490,55.78824,11.30386,11.80690,16.64097,16.03651
1627.40190,0.02761,-1.97839,55.69257,11.25603,11.75773,16.62577,16.05304
1627.41190,-0.01299,-1.97311,55.64037,11.22123,11.78383,16.58227,16.05304
1627.42190,-0.01299,-1.97311,55.64037,11.22123,11.78383,16.58227,16.05304
1627.43190,0.00385,-1.98473,55.67988,11.23628,11.75674,16.60860,16.07825
1627.44190,0.02677,-1.99922,55.72818,11.25002,11.72753,16.64853,16.10210
1627.45190,0.01851,-1.99129,55.69937,11.23123,11.75383,16.64227,16.07204
1627.46190,-0.02229,-2.00410,55.72437,11.22123,11.74283,16.61227,16.14804
1627.47190,-0.02189,-2.00444,55.72477,11.22123,11.74217,16.61298,16.14839
1627.48190,0.01836,-2.03841,55.76463,11.22123,11.67550,16.68472,16.18317
1627.49190,-0.04235,-2.03604,55.80327,11.19299,11.72542,16.65406,16.23080
1627.50190,-0.07113,-2.03035,55.81237,11.18223,11.75383,16.63227,16.24404
1627.51190,-0.03770,-2.01698,55.79548,11.20801,11.75383,16.64116,16.19248
1627.52190,-0.08427,-2.00902,55.80138,11.20322,11.78053,16.58887,16.22876
1627.53190,-0.09054,-2.00824,55.80237,11.20223,11.78383,16.58227,16.23404
1627.54190,-0.10631,-2.02080,55.75834,11.17811,11.75910,16.56417,16.25696
1627.55190,-0.11669,-2.02908,55.72937,11.16223,11.74283,16.55227,16.27204
1627.56190,-0.09895,-2.03901,55.71362,11.16223,11.71208,16.56727,16.27204
1627.57190,-0.10848,-2.04091,55.69995,11.15822,11.70584,16.55221,16.28367
1627.58190,-0.12908,-2.03903,55.68872,11.15288,11.71119,16.52548,16.29918
1627.59190,-0.13155,-2.03880,55.68737,11.15223,11.71183,16.52227,16.30104
1627.60190,-0.14962,-2.06641,55.63224,11.11849,11.65558,16.50539,16.35278
1627.61190,-0.14141,-2.06676,55.63437,11.12323,11.65083,16.51227,16.34804
1627.62190,-0.14141,-2.06676,55.63437,11.12323,11.65083,16.51227,16.34804
1627.63190,-0.14008,-2.07298,55.75317,11.16635,11.64115,16.52987,16.41580
1627.64190,-0.16790,-2.07915,55.83458,11.16027,11.66542,16.54052,16.46837
1627.65190,-0.23168,-2.11045,55.77491,11.07456,11.65017,16.51447,16.53571
1627.66190,-0.24586,-2.12445,55.68537,11.03423,11.61983,16.49227,16.53904
1627.67190,-0.23988,-2.13031,55.73125,11.06461,11.59379,16.49227,16.58058
1627.68190,-0.25710,-2.13485,55.78955,11.06298,11.60801,16.50053,16.61803
1627.69190,-0.28671,-2.13621,55.83237,11.03423,11.65083,16.51227,16.63504
1627.70190,-0.26197,-2.13902,55.79247,11.05481,11.60715,16.50387,16.62664
1627.71190,-0.22776,-2.14292,55.73737,11.08323,11.54683,16.49227,16.61504
1627.72190,-0.24978,-2.14988,55.72905,11.06284,11.54683,16.48020,16.63917
1627.73190,-0.27358,-2.17257,55.72810,11.03031,11.52352,16.48163,16.69264
1627.74190,-0.24627,-2.22223,55.76937,11.01523,11.43383,16.55227,16.76804
1627.75190,-0.26366,-2.22605,55.70437,10.99523,11.41833,16.51777,16.77304
1627.76190,-0.26446,-2.23547,55.74745,11.00503,11.40283,16.52822,16.81137
1627.77190,-0.24822,-2.24093,55.85337,11.03423,11.40283,16.57227,16.84404
1627.78190,-0.27087,-2.25039,55.84637,11.00823,11.40283,16.56560,16.86971
1627.79190,-0.31618,-2.26933,55.83237,10.95623,11.40283,16.55227,16.92104
1627.80190,-0.31583,-2.27754,55.81630,10.94876,11.38377,16.55227,16.93150
1627.81190,-0.31917,-2.29907,55.76906,10.92871,11.33227,16.54474,16.96334
1627.82190,-0.32566,-2.31194,55.73537,10.91623,11.29983,16.53227,16.98704
1627.83190,-0.31385,-2.31054,55.73537,10.93143,11.28805,16.53227,16.98362
1627.84190,-0.30400,-2.32833,55.71447,10.92621,11.24147,16.53987,17.00692
1627.85190,-0.31937,-2.36111,55.68037,10.87723,11.19683,16.55227,17.05404
1627.86190,-0.31937,-2.36111,55.68037,10.87723,11.19683,16.55227,17.05404
1627.87190,-0.32693,-2.35132,55.71837,10.91623,11.19683,16.52227,17.08304
1627.88190,-0.32693,-2.35132,55.71837,10.91623,11.19683,16.52227,17.08304
1627.89190,-0.35889,-2.35856,55.83082,10.92635,11.21360,16.52630,17.16456
1627.90190,-0.38506,-2.38486,55.85237,10.88723,11.19683,16.54227,17.22604
1627.91190,-0.39152,-2.38267,55.84972,10.88723,11.20116,16.53264,17.22869
1627.92190,-0.42112,-2.37732,55.86431,10.87683,11.23043,16.51201,17.24504
1627.93190,-0.39211,-2.40057,55.95237,10.84723,11.23783,16.62227,17.24504
1627.94190,-0.39211,-2.40057,55.95237,10.84723,11.23783,16.62227,17.24504
1627.95190,-0.44148,-2.38642,56.02137,10.86723,11.27983,16.57227,17.30204
1627.96190,-0.44559,-2.38126,55.98019,10.85964,11.28382,16.55438,17.28235
1627.97190,-0.48245,-2.34325,55.70246,10.80945,11.31702,16.42115,17.15486
1627.98190,-0.54693,-2.32260,55.71037,10.81823,11.36183,16.33327,17.19704
1627.99190,-0.54492,-2.32185,55.69440,10.81600,11.35953,16.33030,17.18857
1628.00190,-0.52943,-2.31608,55.57154,10.79886,11.34182,16.30744,17.12343
1628.01190,-0.53235,-2.30255,55.48737,10.77823,11.36183,16.28327,17.06404
1628.02190,-0.53235,-2.30255,55.48737,10.77823,11.36183,16.28327,17.06404
1628.03190,-0.49122,-2.28413,55.72537,10.87723,11.40283,16.35327,17.09204
1628.04190,-0.49122,-2.28413,55.72537,10.87723,11.40283,16.35327,17.09204
1628.05190,-0.50355,-2.30596,55.63824,10.80892,11.38303,16.36317,17.08313
1628.06190,-0.49797,-2.32504,55.62237,10.81823,11.32083,16.35327,17.13004
1628.07190,-0.49797,-2.32504,55.62237,10.81823,11.32083,16.35327,17.13004
1628.08190,-0.51279,-2.31546,55.64087,10.81823,11.35158,16.34327,17.12779
1628.09190,-0.56309,-2.30012,55.77823,10.82227,11.43980,16.34149,17.17467
1628.10190,-0.57180,-2.31984,55.89937,10.82823,11.43383,16.38327,17.25404
1628.11190,-0.55858,-2.28737,55.90537,10.83823,11.50583,16.39327,17.16804
1628.12190,-0.55858,-2.28737,55.90537,10.83823,11.50583,16.39327,17.16804
1628.13190,-0.58045,-2.29316,55.71872,10.75976,11.49556,16.35267,17.11072
1628.14190,-0.56077,-2.27195,55.65294,10.81278,11.46804,16.29294,17.07918
1628.15190,-0.55131,-2.26175,55.62137,10.83823,11.45483,16.26427,17.06404
1628.16190,-0.60508,-2.28026,55.67204,10.77690,11.49128,16.28116,17.12271
1628.17190,-0.61179,-2.28257,55.67837,10.76923,11.49583,16.28327,17.13004
1628.18190,-0.60847,-2.30276,55.66957,10.72523,11.48703,16.32727,17.13004
1628.19190,-0.57775,-2.30030,55.67796,10.74537,11.47625,16.35069,17.10564
1628.20190,-0.57329,-2.29953,55.67937,10.74923,11.47483,16.35327,17.10204
1628.21190,-0.56670,-2.30298,55.72071,10.75443,11.47769,16.37667,17.11192
1628.22190,-0.50941,-2.29379,55.88327,10.81920,11.50032,16.46499,17.09876
1628.23190,-0.49472,-2.28656,55.90037,10.83823,11.50583,16.47327,17.08304
1628.24190,-0.45805,-2.28558,55.89435,10.83823,11.50583,16.51766,17.03262
1628.25190,-0.43773,-2.28171,55.87062,10.83823,11.50583,16.53227,16.99429
1628.26190,-0.47620,-2.29968,55.69912,10.75648,11.47508,16.48052,16.98704
1628.27190,-0.45486,-2.28791,55.64437,10.78969,11.44876,16.44796,16.95796
1628.28190,-0.44408,-2.28233,55.64437,10.80823,11.44383,16.44327,16.94904
1628.29190,-0.42706,-2.27813,55.60831,10.80823,11.43964,16.44746,16.91298
1628.30190,-0.38788,-2.28189,55.63251,10.82091,11.42750,16.49699,16.88712
1628.31190,-0.37890,-2.28741,55.67537,10.82823,11.42383,16.52227,16.90104
1628.32190,-0.37890,-2.28741,55.67537,10.82823,11.42383,16.52227,16.90104
1628.33190,-0.38702,-2.25911,55.74915,10.85401,11.49672,16.52227,16.87615
1628.34190,-0.38804,-2.25558,55.75837,10.85723,11.50583,16.52227,16.87304
1628.35190,-0.31619,-2.27380,55.80013,10.89203,11.44319,16.60057,16.86434
1628.36190,-0.27567,-2.27415,55.83362,10.91393,11.43383,16.64742,16.83843
1628.37190,-0.27156,-2.27383,55.83737,10.91623,11.43383,16.65227,16.83504
1628.38190,-0.27469,-2.28770,55.74680,10.87789,11.40201,16.64187,16.82504
1628.39190,-0.24383,-2.28601,55.70437,10.92623,11.34083,16.61227,16.82504
1628.40190,-0.23867,-2.28219,55.68391,10.91117,11.35705,16.62385,16.79183
1628.41190,-0.23675,-2.28709,55.69849,10.88723,11.37485,16.65747,16.77894
1628.42190,-0.24702,-2.30497,55.77537,10.88723,11.36183,16.68227,16.84404
1628.43190,-0.25036,-2.30395,55.76331,10.87954,11.36722,16.67970,16.83686
1628.44190,-0.25893,-2.30132,55.73239,10.85980,11.38104,16.67312,16.81843
1628.45190,-0.24746,-2.29587,55.71649,10.86498,11.38283,16.67485,16.79383
1628.46190,-0.21515,-2.28276,55.68603,10.88485,11.38283,16.68147,16.73687
1628.47190,-0.20059,-2.28093,55.73337,10.86723,11.42383,16.74127,16.70104
1628.48190,-0.19662,-2.27349,55.71257,10.88777,11.41317,16.71553,16.69610
1628.49190,-0.19245,-2.24743,55.65643,10.94368,11.39838,16.63717,16.67720
1628.50190,-0.21328,-2.23334,55.66537,10.93623,11.44383,16.62227,16.66304
1628.51190,-0.21750,-2.22737,55.67342,10.93767,11.46021,16.61939,16.65614
1628.52190,-0.23434,-2.20350,55.70560,10.94342,11.52573,16.60790,16.62856
1628.53190,-0.23530,-2.19107,55.68838,10.94762,11.54494,16.59395,16.60187
1628.54190,-0.18842,-2.18451,55.49793,10.96000,11.47159,16.54747,16.51887
1628.55190,-0.17928,-2.17177,55.59537,10.98523,11.51683,16.58227,16.51104
1628.56190,-0.17897,-2.17192,55.59633,10.98350,11.51857,16.58487,16.50939
1628.57190,-0.17661,-2.17314,55.60366,10.97017,11.53190,16.60487,16.49673
1628.58190,-0.16501,-2.14802,55.67937,10.99523,11.59883,16.63227,16.45304
1628.59190,-0.16501,-2.14802,55.67937,10.99523,11.59883,16.63227,16.45304
1628.60190,-0.13290,-2.09411,55.77337,11.09323,11.67083,16.62227,16.38704
1628.61190,-0.13290,-2.09411,55.77337,11.09323,11.67083,16.62227,16.38704
1628.62190,-0.15403,-2.07988,55.65027,11.04540,11.70316,16.58177,16.31994
1628.63190,-0.17500,-2.00973,55.84037,11.16223,11.83583,16.53227,16.31004
1628.64190,-0.17460,-2.00957,55.83911,11.16233,11.83562,16.53207,16.30909
1628.65190,-0.13474,-1.99210,55.71495,11.17312,11.81638,16.51098,16.21447
1628.66190,-0.18764,-1.90303,55.77237,11.26123,11.96983,16.38327,16.15804
1628.67190,-0.18764,-1.90303,55.77237,11.26123,11.96983,16.38327,16.15804
1628.68190,-0.17481,-1.88314,55.75954,11.26605,12.00834,16.38861,16.09654
1628.69190,-0.16364,-1.86582,55.74837,11.27023,12.04183,16.39327,16.04304
1628.70190,-0.17026,-1.86012,55.72970,11.27023,12.04796,16.37549,16.03602
1628.71190,-0.21471,-1.82562,55.64081,11.27319,12.09199,16.27131,16.00431
1628.72190,-0.23071,-1.82094,55.68237,11.28023,12.11383,16.26427,16.02404
1628.73190,-0.25627,-1.82285,55.64106,11.24625,12.12580,16.24496,16.02404
1628.74190,-0.27835,-1.84667,55.63971,11.19938,12.11398,16.26280,16.06354
1628.75190,-0.24753,-1.88102,55.74637,11.21123,12.06283,16.34327,16.12904
1628.76190,-0.25527,-1.89906,55.78300,11.17497,12.07023,16.38767,16.15013
1628.77190,-0.26842,-1.92974,55.84537,11.11323,12.08283,16.46327,16.18604
1628.78190,-0.26293,-1.95671,55.82354,11.09510,12.02585,16.47770,16.22489
1628.79190,-0.22627,-2.01802,55.81400,11.07361,11.89331,16.54173,16.30535
1628.80190,-0.19826,-2.03375,55.84237,11.08323,11.85683,16.58227,16.32004
1628.81190,-0.23518,-2.07517,55.80370,10.98530,11.83750,16.61345,16.36745
1628.82190,-0.25229,-2.15031,55.75557,10.88965,11.72973,16.66327,16.47292
1628.83190,-0.24911,-2.18105,55.74037,10.86723,11.67083,16.68227,16.52004
1628.84190,-0.24671,-2.19628,55.73412,10.84195,11.65634,16.70755,16.52828
1628.85190,-0.24066,-2.23469,55.71837,10.77823,11.61983,16.77127,16.54904
1628.86190,-0.24305,-2.27333,55.65749,10.71043,11.56885,16.80591,16.57230
1628.87190,-0.26951,-2.34698,55.62820,10.58164,11.50623,16.88622,16.65412
1628.88190,-0.29304,-2.38039,55.66037,10.52323,11.49583,16.93027,16.71104
1628.89190,-0.27640,-2.40731,55.67212,10.49337,11.46463,16.98731,16.72681
1628.90190,-0.24389,-2.46132,55.69614,10.43270,11.40283,17.10166,16.75895
1628.91190,-0.26929,-2.50851,55.74437,10.33623,11.40283,17.18927,16.81604
1628.92190,-0.24552,-2.51201,55.83392,10.35843,11.40697,17.24194,16.82657
1628.93190,-0.20012,-2.52521,55.98841,10.39523,11.39798,17.34022,16.85499
1628.94190,-0.20027,-2.54401,55.97199,10.36885,11.37183,17.35827,16.87304
1628.95190,-0.21876,-2.55810,55.90007,10.31407,11.36414,17.35355,16.86832
1628.96190,-0.22376,-2.56748,55.82088,10.28118,11.34333,17.34080,16.85557
1628.97190,-0.23236,-2.57163,55.79045,10.26690,11.33567,17.32894,16.85895
1628.98190,-0.25291,-2.57939,55.73681,10.24041,11.32242,17.30245,16.87153
1628.99190,-0.36756,-2.56806,55.74337,10.15923,11.43383,17.23927,16.91104
1629.00190,-0.36756,-2.56806,55.74337,10.15923,11.43383,17.23927,16.91104
1629.01190,-0.33214,-2.58520,55.69137,10.15923,11.37183,17.25927,16.90104
1629.02190,-0.33535,-2.59841,55.69012,10.14448,11.35383,17.26927,16.92254
1629.03190,-0.35153,-2.64955,55.66837,10.07548,11.28958,17.30677,16.99654
1629.04190,-0.37114,-2.68410,55.61437,10.00123,11.25883,17.32927,17.02504
1629.05190,-0.37114,-2.68410,55.61437,10.00123,11.25883,17.32927,17.02504
1629.06190,-0.37037,-2.71395,55.60459,9.95105,11.23247,17.37562,17.04545
1629.07190,-0.35249,-2.77235,55.63887,9.88823,11.16583,17.47827,17.10654
1629.08190,-0.33567,-2.79035,55.68637,9.89323,11.13483,17.51827,17.14004
1629.09190,-0.37540,-2.78944,55.79037,9.88323,11.18633,17.52827,17.19254
1629.10190,-0.41498,-2.78854,55.89437,9.87323,11.23783,17.53827,17.24504
1629.11190,-0.39191,-2.80277,55.90025,9.86735,11.21105,17.57681,17.24504
1629.12190,-0.39633,-2.78245,55.87786,9.91442,11.20534,17.51306,17.24504
1629.13190,-0.39925,-2.77755,55.87337,9.92323,11.20683,17.49827,17.24504
1629.14190,-0.39749,-2.77341,55.68537,9.90323,11.16583,17.42827,17.18804
1629.15190,-0.42804,-2.79289,55.55497,9.85603,11.11623,17.37227,17.21044
1629.16190,-0.43570,-2.79778,55.52237,9.84423,11.10383,17.35827,17.21604
1629.17190,-0.42402,-2.77974,55.67337,9.89323,11.15583,17.39827,17.22604
1629.18190,-0.42402,-2.77974,55.67337,9.89323,11.15583,17.39827,17.22604
1629.19190,-0.42798,-2.78229,55.66337,9.88323,11.15583,17.39827,17.22604
1629.20190,-0.42344,-2.79395,55.61766,9.86095,11.13240,17.40398,17.22033
1629.21190,-0.42003,-2.80270,55.58337,9.84423,11.11483,17.40827,17.21604
1629.22190,-0.42060,-2.75797,55.66237,9.94223,11.15583,17.34827,17.21604
1629.23190,-0.44268,-2.75515,55.78837,9.94223,11.21050,17.38160,17.25404
1629.24190,-0.45368,-2.75374,55.85137,9.94223,11.23783,17.39827,17.27304
1629.25190,-0.43923,-2.76014,55.86721,9.96863,11.20175,17.39827,17.29856
1629.26190,-0.43726,-2.76101,55.86937,9.97223,11.19683,17.39827,17.30204
1629.27190,-0.45219,-2.74955,55.74898,9.95466,11.19683,17.33763,17.25986
1629.28190,-0.43321,-2.75128,55.87091,9.97837,11.21513,17.39810,17.27931
1629.29190,-0.43011,-2.75177,55.89137,9.98223,11.21783,17.40827,17.28304
1629.30190,-0.47019,-2.72167,55.77652,10.00459,11.22554,17.27800,17.26839
1629.31190,-0.49132,-2.72473,55.69491,9.97623,11.21537,17.23927,17.26404
1629.32190,-0.49762,-2.73298,55.66237,9.95223,11.20683,17.23927,17.26404
1629.33190,-0.47943,-2.73009,55.72146,9.98935,11.19926,17.25442,17.27843
1629.34190,-0.47361,-2.72916,55.74037,10.00123,11.19683,17.25927,17.28304
1629.35190,-0.47361,-2.72916,55.74037,10.00123,11.19683,17.25927,17.28304
1629.36190,-0.51791,-2.73390,55.73141,9.97863,11.20443,17.22047,17.32788
1629.37190,-0.53726,-2.75422,55.74637,9.95223,11.18683,17.22927,17.37804
1629.38190,-0.50864,-2.75724,55.76285,9.97439,11.16354,17.25199,17.37293
1629.39190,-0.50043,-2.73472,55.78539,9.99123,11.21034,17.25674,17.32708
1629.40190,-0.50849,-2.71992,55.79137,9.99123,11.24883,17.24927,17.30204
1629.41190,-0.49118,-2.72723,55.77343,9.99462,11.22073,17.25943,17.29865
1629.42190,-0.46409,-2.73867,55.74538,9.99991,11.17681,17.27530,17.29336
1629.43190,-0.47381,-2.73534,55.78177,10.01363,11.18505,17.26687,17.31622
1629.44190,-0.47093,-2.74189,55.72393,9.99308,11.16761,17.26283,17.30040
1629.45190,-0.44992,-2.75863,55.58772,9.94768,11.12049,17.26858,17.25097
1629.46190,-0.44739,-2.76064,55.57137,9.94223,11.11483,17.26927,17.24504
1629.47190,-0.40327,-2.76592,55.58007,9.96833,11.07916,17.30407,17.22851
1629.48190,-0.39674,-2.75723,55.68137,9.98223,11.12483,17.34827,17.22604
1629.49190,-0.38565,-2.76136,55.68287,9.96223,11.13533,17.38327,17.20204
1629.50190,-0.37456,-2.76548,55.68437,9.94223,11.14583,17.41827,17.17804
1629.51190,-0.36039,-2.75039,55.75937,10.00244,11.15094,17.41316,17.19284
1629.52190,-0.34103,-2.72878,55.79521,10.05679,11.16307,17.40138,17.17398
1629.53190,-0.32999,-2.71512,55.72637,10.05023,11.17683,17.38827,17.11104
1629.54190,-0.31331,-2.70964,55.74371,10.07023,11.17683,17.39827,17.09837
1629.55190,-0.28000,-2.69869,55.77837,10.11023,11.17683,17.41827,17.07304
1629.56190,-0.28032,-2.71434,55.63737,10.07023,11.12483,17.38827,17.05404
1629.57190,-0.28032,-2.71434,55.63737,10.07023,11.12483,17.38827,17.05404
1629.58190,-0.22550,-2.71401,55.81637,10.12923,11.13483,17.48827,17.06404
1629.59190,-0.23666,-2.70442,55.74798,10.11092,11.15053,17.45837,17.02816
1629.60190,-0.24000,-2.69048,55.71426,10.11372,11.16893,17.43460,16.99701
1629.61190,-0.21452,-2.69408,55.84837,10.16923,11.15583,17.47827,17.04504
1629.62190,-0.19310,-2.70179,55.77815,10.14318,11.13620,17.49714,17.00162
1629.63190,-0.16656,-2.71511,55.68019,10.09765,11.11184,17.52827,16.94244
1629.64190,-0.18932,-2.71654,55.72589,10.09103,11.13237,17.52827,16.97423
1629.65190,-0.18369,-2.71149,55.76412,10.10248,11.14783,17.54302,16.97079
1629.66190,-0.15866,-2.69585,55.86237,10.13923,11.18683,17.58727,16.94904
1629.67190,-0.15812,-2.69190,55.84202,10.14115,11.18683,17.57594,16.93810
1629.68190,-0.15587,-2.67538,55.75722,10.14915,11.18683,17.52874,16.89250
1629.69190,-0.14929,-2.67134,55.59837,10.12923,11.15583,17.47827,16.83504
1629.70190,-0.14355,-2.67455,55.61229,10.13043,11.15211,17.49135,16.83840
1629.71190,-0.10342,-2.69970,55.69313,10.13095,11.12111,17.58259,16.85848
1629.72190,-0.11709,-2.71142,55.53737,10.07023,11.09383,17.54827,16.82504
1629.73190,-0.11484,-2.71056,55.55066,10.07821,11.09303,17.54980,16.82963
1629.74190,-0.09607,-2.70338,55.66140,10.14465,11.08632,17.56255,16.86789
1629.75190,-0.08544,-2.70768,55.70572,10.16280,11.07457,17.58014,16.88822
1629.76190,-0.06434,-2.75639,55.72933,10.11219,11.01511,17.66967,16.93236
1629.77190,-0.09747,-2.77045,55.73733,10.05353,11.04245,17.68967,16.95169
1629.78190,-0.11006,-2.77579,55.74037,10.03123,11.05283,17.69727,16.95904
1629.79190,-0.11260,-2.76331,55.80864,10.05566,11.08477,17.70353,16.96468
1629.80190,-0.10954,-2.75404,55.83752,10.07023,11.10383,17.70727,16.95619
1629.81190,-0.10129,-2.74649,55.84446,10.09137,11.10383,17.70022,16.94904
1629.82190,-0.13131,-2.70280,55.72475,10.11658,11.13997,17.57680,16.89139
1629.83190,-0.13656,-2.69613,55.70437,10.11923,11.14583,17.55727,16.88204
1629.84190,-0.11629,-2.71420,55.55637,10.09082,11.07372,17.53817,16.85366
1629.85190,-0.07847,-2.69470,55.55637,10.14923,11.06283,17.52827,16.81604
1629.86190,-0.07847,-2.69470,55.55637,10.14923,11.06283,17.52827,16.81604
1629.87190,-0.04598,-2.68152,55.57704,10.18190,11.07017,17.54760,16.77737
1629.88190,-0.02975,-2.67494,55.58737,10.19823,11.07383,17.55727,16.75804
1629.89190,-0.04509,-2.70299,55.62862,10.16401,11.05540,17.59237,16.81684
1629.90190,-0.01400,-2.70713,55.70741,10.16803,11.07131,17.66767,16.80040
1629.91190,-0.00947,-2.70717,55.71737,10.16923,11.07383,17.67727,16.79704
1629.92190,-0.04297,-2.72112,55.78611,10.12517,11.10996,17.71251,16.83846
1629.93190,-0.04984,-2.73338,55.83673,10.11923,11.10515,17.73487,16.87748
1629.94190,-0.05016,-2.73479,55.84237,10.11923,11.10383,17.73727,16.88204
1629.95190,-0.01796,-2.72536,55.79446,10.15502,11.07290,17.71907,16.84747
1629.96190,0.00296,-2.71924,55.76337,10.17823,11.05283,17.70727,16.82504
1629.97190,0.05795,-2.72704,55.77171,10.19338,11.02177,17.76712,16.78943
1629.98190,0.06859,-2.71902,55.74174,10.19823,11.02514,17.76093,16.75743
1629.99190,0.05942,-2.70516,55.69880,10.19823,11.04266,17.72760,16.73031
1630.00190,0.05933,-2.70502,55.69837,10.19823,11.04283,17.72727,16.73004
1630.01190,0.04342,-2.70813,55.65406,10.16190,11.05467,17.72093,16.71656
1630.02190,0.03994,-2.71447,55.63037,10.12923,11.06283,17.73727,16.70104
1630.03190,0.03026,-2.70110,55.69113,10.16581,11.08205,17.71867,16.72460
1630.04190,0.06949,-2.69950,55.63723,10.18203,11.04919,17.72587,16.68014
1630.05190,0.09723,-2.70353,55.58137,10.17823,11.02183,17.73727,16.64404
1630.06190,0.05492,-2.69707,55.66085,10.17262,11.07354,17.72840,16.68629
1630.07190,-0.04550,-2.68174,55.85037,10.15923,11.19683,17.70727,16.78704
1630.08190,-0.03706,-2.70636,55.83849,10.13003,11.16119,17.74143,16.80585
1630.09190,-0.07363,-2.71122,55.86459,10.12424,11.16501,17.71306,16.86228
1630.10190,-0.12059,-2.69016,55.90437,10.14923,11.20683,17.64727,16.90104
1630.11190,-0.14636,-2.69581,55.77006,10.09924,11.19168,17.59728,16.88185
1630.12190,-0.17767,-2.71251,55.64102,10.02772,11.17319,17.56449,16.87562
1630.13190,-0.18950,-2.73478,55.64632,9.98268,11.16591,17.59694,16.90079
1630.14190,-0.17855,-2.74125,55.64451,9.96894,11.16317,17.62386,16.88854
1630.15190,-0.15642,-2.75375,55.64079,9.94234,11.15785,17.67705,16.86354
1630.16190,-0.14801,-2.75850,55.63937,9.93223,11.15583,17.69727,16.85404
1630.17190,-0.14421,-2.77324,55.71563,9.93223,11.14871,17.74003,16.89466
1630.18190,-0.21090,-2.79748,55.72987,9.86623,11.16083,17.72727,16.97554
1630.19190,-0.23365,-2.80359,55.72437,9.84423,11.16583,17.71727,16.99704
1630.20190,-0.18699,-2.80837,55.81348,9.88123,11.15073,17.78447,16.99704
1630.21190,-0.20523,-2.80323,55.89391,9.89323,11.18165,17.78880,17.03024
1630.22190,-0.22350,-2.81100,55.86701,9.85887,11.18683,17.78627,17.03504
1630.23190,-0.17124,-2.81210,55.87806,9.90564,11.14153,17.81241,17.01849
1630.24190,-0.16325,-2.81208,55.88037,9.91323,11.13483,17.81627,17.01604
1630.25190,-0.14728,-2.77340,55.69454,9.93223,11.14033,17.72560,16.89637
1630.26190,-0.16661,-2.75371,55.73121,9.93223,11.20233,17.71893,16.87771
1630.27190,-0.16719,-2.74595,55.74377,9.94423,11.21408,17.71242,16.87304
1630.28190,-0.12851,-2.72489,55.75836,10.03253,11.18280,17.68117,16.86186
1630.29190,-0.07556,-2.72194,55.69137,10.04123,11.15583,17.70727,16.78704
1630.30190,-0.07286,-2.71914,55.67566,10.04431,11.15360,17.69983,16.77791
1630.31190,-0.05026,-2.69577,55.54468,10.06998,11.13502,17.63789,16.70180
1630.32190,-0.05041,-2.69457,55.54433,10.07198,11.13579,17.63552,16.70104
1630.33190,-0.05328,-2.68719,55.55172,10.08540,11.14318,17.62210,16.70104
1630.34190,-0.01765,-2.61908,55.65437,10.24723,11.18683,17.55727,16.66304
1630.35190,-0.01765,-2.61908,55.65437,10.24723,11.18683,17.55727,16.66304
1630.36190,-0.04499,-2.58421,55.66724,10.28684,11.23733,17.48895,16.65413
1630.37190,-0.04406,-2.54305,55.72182,10.30604,11.33980,17.49817,16.57781
1630.38190,-0.04405,-2.54264,55.72237,10.30623,11.34083,17.49827,16.57704
1630.39190,0.01269,-2.52444,55.65437,10.36523,11.29983,17.47827,16.51104
1630.40190,0.01269,-2.52444,55.65437,10.36523,11.29983,17.47827,16.51104
1630.41190,-0.02542,-2.47084,55.68757,10.43557,11.37333,17.37552,16.50314
1630.42190,-0.07340,-2.43727,55.69115,10.42813,11.46417,17.32304,16.47581
1630.43190,-0.07906,-2.43438,55.69037,10.42423,11.47483,17.31927,16.47204
1630.44190,-0.03479,-2.40047,55.74684,10.48417,11.52001,17.34446,16.39820
1630.45190,-0.06866,-2.31282,55.73797,10.54456,11.67038,17.23604,16.28699
1630.46190,-0.07473,-2.30049,55.73537,10.55223,11.69183,17.21927,16.27204
1630.47190,-0.03956,-2.24311,55.76739,10.64828,11.74891,17.18447,16.18574
1630.48190,-0.02421,-2.21807,55.78137,10.69023,11.77383,17.16927,16.14804
1630.49190,-0.04852,-2.14842,55.79874,10.72723,11.91428,17.10961,16.04761
1630.50190,-0.05443,-2.04979,55.70633,10.79167,12.05331,16.99147,15.86988
1630.51190,-0.05381,-2.02572,55.67537,10.80823,12.08283,16.96027,15.82404
1630.52190,-0.09997,-1.95241,55.62887,10.87498,12.17583,16.81102,15.76704
1630.53190,-0.08388,-1.88659,55.59087,10.91148,12.28408,16.77627,15.61904
1630.54190,-0.07337,-1.87279,55.58337,10.91623,12.30983,16.78127,15.57604
1630.55190,-0.06108,-1.82349,55.56291,10.98319,12.35447,16.71989,15.50536
1630.56190,-0.05354,-1.79325,55.55037,11.02423,12.38183,16.68227,15.46204
1630.57190,-0.06677,-1.75984,55.59687,11.05523,12.45189,16.65747,15.43228
1630.58190,-0.04594,-1.69249,55.65791,11.17061,12.52675,16.59930,15.36125
1630.59190,-0.02775,-1.66301,55.67837,11.23123,12.54683,16.57227,15.32804
1630.60190,-0.05181,-1.65014,55.73195,11.24999,12.58243,16.54930,15.35024
1630.61190,-0.09052,-1.62943,55.81837,11.28023,12.63983,16.51227,15.38604
1630.62190,-0.03179,-1.54788,55.76194,11.45548,12.63983,16.38454,15.28208
1630.63190,-0.03740,-1.54142,55.76053,11.46083,12.64967,16.37127,15.27876
1630.64190,-0.08286,-1.50003,55.75437,11.48723,12.72183,16.28327,15.26204
1630.65190,-0.06896,-1.48359,55.75210,11.52360,12.72467,16.26366,15.24017
1630.66190,-0.00701,-1.41961,55.73404,11.67350,12.72333,16.18450,15.15272
1630.67190,0.02939,-1.38911,55.71737,11.75223,12.71183,16.14427,15.10904
1630.68190,0.02903,-1.38883,55.71579,11.75271,12.71134,16.14254,15.10920
1630.69190,-0.01045,-1.37131,55.61623,11.77843,12.68463,16.01627,15.13690
1630.70190,-0.03868,-1.37098,55.61437,11.77223,12.69083,15.98527,15.16604
1630.71190,-0.02760,-1.34807,55.65596,11.83417,12.70310,15.95834,15.16035
1630.72190,-0.00170,-1.29456,55.75337,11.97923,12.73183,15.89527,15.14704
1630.73190,-0.00844,-1.28627,55.71892,11.97923,12.73682,15.86937,15.13350
1630.74190,-0.03889,-1.24942,55.61166,11.98369,12.77466,15.77219,15.08112
1630.75190,-0.06748,-1.21624,55.62237,11.99823,12.84583,15.72627,15.05204
1630.76190,-0.06869,-1.20524,55.59109,12.00895,12.84798,15.69841,15.03575
1630.77190,-0.07356,-1.16358,55.49633,12.05406,12.86189,15.59983,14.98055
1630.78190,-0.07679,-1.15471,55.64437,12.09723,12.90683,15.62627,15.01404
1630.79190,-0.07154,-1.15605,55.64721,12.10207,12.90000,15.62960,15.01554
1630.80190,-0.05052,-1.16141,55.65854,12.12140,12.87267,15.64293,15.02154
1630.81190,-0.04880,-1.16001,55.66101,12.12029,12.87832,15.64748,15.01492
1630.82190,-0.08263,-1.13701,55.67433,12.07466,12.98608,15.65627,14.95733
1630.83190,-0.13793,-1.11629,55.78237,12.05723,13.10283,15.65627,14.96604
1630.84190,-0.13451,-1.10788,55.78993,12.07379,13.11027,15.64787,14.95800
1630.85190,-0.11815,-1.04013,55.83169,12.19283,13.17599,15.57067,14.89220
1630.86190,-0.18195,-0.99520,55.73137,12.17523,13.25783,15.45627,14.84204
1630.87190,-0.18195,-0.99520,55.73137,12.17523,13.25783,15.45627,14.84204
1630.88190,-0.16578,-0.98861,55.62783,12.16962,13.23226,15.43132,14.79463
1630.89190,-0.15600,-0.98463,55.56537,12.16623,13.21683,15.41627,14.76604
1630.90190,-0.17041,-0.97634,55.58868,12.18450,13.22943,15.39107,14.78368
1630.91190,-0.22242,-0.98388,55.53229,12.13294,13.23683,15.34795,14.81457
1630.92190,-0.24043,-0.98902,55.50337,12.10723,13.23683,15.33627,14.82304
1630.93190,-0.27117,-0.99293,55.52631,12.08383,13.26117,15.33159,14.84972
1630.94190,-0.30608,-0.99738,55.55237,12.05723,13.28883,15.32627,14.88004
1630.95190,-0.31175,-1.02047,55.79237,12.04823,13.35083,15.44627,14.94704
1630.96190,-0.28511,-1.06910,55.91678,12.03953,13.29689,15.55067,15.02969
1630.97190,-0.28115,-1.07635,55.93537,12.03823,13.28883,15.56627,15.04204
1630.98190,-0.32601,-1.07337,56.05155,12.05229,13.33471,15.55147,15.11308
1630.99190,-0.37848,-1.07475,56.11963,12.04621,13.36823,15.52307,15.18212
1631.00190,-0.40507,-1.07650,56.13937,12.03823,13.38083,15.50627,15.21404
1631.01190,-0.41929,-1.10484,56.01081,11.96423,13.32702,15.49879,15.22077
1631.02190,-0.45998,-1.14764,55.86787,11.88131,13.24052,15.45914,15.28690
1631.03190,-0.47244,-1.15917,55.83337,11.86123,13.21683,15.44627,15.30904
1631.04190,-0.46015,-1.19517,55.75610,11.80138,13.15395,15.48415,15.31662
1631.05190,-0.45621,-1.20671,55.73137,11.78223,13.13383,15.49627,15.31904
1631.06190,-0.44752,-1.22550,55.70853,11.77727,13.08267,15.50123,15.34735
1631.07190,-0.45025,-1.25723,55.57664,11.73844,12.98528,15.47198,15.38094
1631.08190,-0.46232,-1.27050,55.46337,11.70323,12.93783,15.43627,15.38604
1631.09190,-0.47172,-1.28830,55.50559,11.69545,12.92103,15.45266,15.43645
1631.10190,-0.51959,-1.33723,55.68245,11.65286,12.92256,15.52019,15.58684
1631.11190,-0.53993,-1.35104,55.75137,11.63423,12.93783,15.54627,15.63304
1631.12190,-0.54714,-1.37641,55.82100,11.63423,12.90641,15.57091,15.70944
1631.13190,-0.55162,-1.39218,55.86437,11.63423,12.88683,15.58627,15.75704
1631.14190,-0.58419,-1.40069,55.87512,11.61811,12.88683,15.56560,15.80457
1631.15190,-0.63543,-1.42362,55.88915,11.58323,12.87165,15.54116,15.89310
1631.16190,-0.65098,-1.45714,55.88537,11.54623,12.82483,15.55627,15.95804
1631.17190,-0.65423,-1.45700,55.86157,11.54230,12.81873,15.54446,15.95607
1631.18190,-0.70135,-1.46500,55.80325,11.50654,12.80949,15.49122,15.99601
1631.19190,-0.73446,-1.47340,55.84137,11.48723,12.82483,15.48627,16.04304
1631.20190,-0.74263,-1.47848,55.80114,11.45449,12.82761,15.48904,16.03000
1631.21190,-0.75970,-1.48911,55.71733,11.38629,12.83339,15.49482,16.00283
1631.22190,-0.77263,-1.50508,55.68837,11.36923,12.79883,15.48127,16.03904
1631.23190,-0.78243,-1.53670,55.67756,11.35797,12.72820,15.47471,16.11668
1631.24190,-0.78475,-1.57405,55.67181,11.33498,12.65751,15.49196,16.18737
1631.25190,-0.78533,-1.58338,55.67037,11.32923,12.63983,15.49627,16.20504
1631.26190,-0.86687,-1.59676,55.73771,11.24931,12.71605,15.50367,16.26868
1631.27190,-0.90411,-1.64549,55.80174,11.18461,12.68902,15.55112,16.37700
1631.28190,-0.90702,-1.66036,55.81537,11.17223,12.67083,15.56627,16.40604
1631.29190,-0.93058,-1.68454,55.93577,11.13796,12.69720,15.62778,16.47283
1631.30190,-0.93382,-1.68787,55.95237,11.13323,12.70083,15.63627,16.48204
1631.31190,-0.93749,-1.74465,55.94137,11.12323,12.56683,15.63627,16.61504
1631.32190,-0.92521,-1.75325,55.98890,11.15195,12.53713,15.64617,16.65365
1631.33190,-0.92508,-1.75334,55.98937,11.15223,12.53683,15.64627,16.65404
1631.34190,-0.94927,-1.77024,55.85325,11.11776,12.47231,15.58439,16.67879
1631.35190,-0.95396,-1.79714,55.81032,11.10627,12.39980,15.56931,16.73494
1631.36190,-0.95462,-1.80793,55.79937,11.10323,12.37183,15.56627,16.75804
1631.37190,-0.98143,-1.82909,55.83409,11.07285,12.36501,15.57867,16.81756
1631.38190,-1.00169,-1.85154,55.85918,11.04612,12.34726,15.59123,16.87457
1631.39190,-1.01707,-1.88955,55.87441,11.01367,12.29295,15.61110,16.95669
1631.40190,-1.02405,-1.92548,55.77937,11.03423,12.14483,15.53627,17.06404
1631.41190,-1.02405,-1.92548,55.77937,11.03423,12.14483,15.53627,17.06404
1631.42190,-1.09157,-1.96440,55.80004,10.98873,12.10367,15.50460,17.20304
1631.43190,-1.11213,-2.04233,55.70271,10.92273,11.93900,15.49793,17.34304
1631.44190,-1.11828,-2.06799,55.69037,10.90712,11.88689,15.49980,17.39657
1631.45190,-1.12655,-2.11897,55.79037,10.91447,11.79572,15.52921,17.55098
1631.46190,-1.13213,-2.13271,55.80312,10.91358,11.76816,15.52895,17.59243
1631.47190,-1.15788,-2.14368,55.72273,10.89463,11.72764,15.47666,17.62380
1631.48190,-1.20130,-2.12853,55.80337,10.88723,11.80483,15.46627,17.64504
1631.49190,-1.20130,-2.12853,55.80337,10.88723,11.80483,15.46627,17.64504
1631.50190,-1.16076,-2.10385,55.77537,10.94623,11.79483,15.44627,17.58804
1631.51190,-1.15483,-2.08751,55.78037,10.92623,11.85683,15.47627,17.52104
1631.52190,-1.15483,-2.08751,55.78037,10.92623,11.85683,15.47627,17.52104
1631.53190,-1.09687,-2.02883,55.74737,11.01523,11.89783,15.44627,17.38804
1631.54190,-1.09687,-2.02883,55.74737,11.01523,11.89783,15.44627,17.38804
1631.55190,-1.11380,-2.00179,55.63871,10.99523,11.93917,15.39293,17.31137
1631.56190,-1.06845,-2.00025,55.60937,10.95623,11.96983,15.47627,17.20704
1631.57190,-1.06845,-2.00025,55.60937,10.95623,11.96983,15.47627,17.20704
1631.58190,-0.96638,-1.95498,55.57703,11.03267,11.99041,15.51547,17.03848
1631.59190,-0.96429,-1.95405,55.57637,11.03423,11.99083,15.51627,17.03504
1631.60190,-0.89594,-1.98388,55.57637,11.01922,11.93314,15.61901,17.00501
1631.61190,-0.85277,-2.00813,55.52939,10.93780,11.93610,15.73327,16.92222
1631.62190,-0.84903,-2.01057,55.52237,10.92623,11.93883,15.74627,16.91104
1631.63190,-0.73140,-2.00837,55.65742,10.96893,11.95713,15.91965,16.81171
1631.64190,-0.67582,-2.02243,55.68205,10.96635,11.93551,16.00561,16.77459
1631.65190,-0.63230,-2.03880,55.68737,10.95623,11.90783,16.07427,16.74904
1631.66190,-0.59182,-2.03449,55.63415,10.99899,11.85374,16.05769,16.72374
1631.67190,-0.58590,-2.03386,55.62637,11.00523,11.84583,16.05527,16.72004
1631.68190,-0.54614,-2.04053,55.69522,11.02702,11.83604,16.11811,16.71404
1631.69190,-0.44004,-2.09596,55.76075,11.01577,11.73861,16.29793,16.70844
1631.70190,-0.43290,-2.11042,55.73137,10.99523,11.71183,16.31327,16.71104
1631.71190,-0.38012,-2.11963,55.74577,11.02478,11.66562,16.35872,16.69665
1631.72190,-0.34980,-2.15644,55.82333,10.99699,11.63487,16.46371,16.72776
1631.73190,-0.34556,-2.16711,55.84637,10.98523,11.62983,16.49227,16.73904
1631.74190,-0.34556,-2.16711,55.84637,10.98523,11.62983,16.49227,16.73904
1631.75190,-0.25032,-2.16370,55.81837,11.03423,11.57783,16.55227,16.65404
1631.76190,-0.24533,-2.16292,55.95740,11.04050,11.62981,16.62116,16.66594
1631.77190,-0.21790,-2.12683,55.92546,11.05935,11.68654,16.62195,16.55762
1631.78190,-0.19371,-2.09163,55.81237,11.07423,11.71183,16.58227,16.44404
1631.79190,-0.20711,-2.08682,55.76010,11.06464,11.71183,16.54870,16.43493
1631.80190,-0.17332,-2.06756,55.66675,11.07849,11.70688,16.53206,16.34931
1631.81190,-0.12391,-2.05322,55.62937,11.10323,11.70183,16.55227,16.27204
1631.82190,-0.14788,-2.04638,55.54237,11.06873,11.71733,16.51277,16.24354
1631.83190,-0.15589,-2.05361,55.46337,11.02923,11.70683,16.50277,16.22454
1631.84190,-0.13987,-2.06770,55.47137,11.02423,11.68083,16.53227,16.23404
1631.85190,-0.13987,-2.06770,55.47137,11.02423,11.68083,16.53227,16.23404
1631.86190,-0.09639,-2.09488,55.56237,11.00523,11.67083,16.65227,16.23404
1631.87190,-0.08092,-2.10670,55.53463,10.99619,11.63977,16.66735,16.23133
1631.88190,-0.04780,-2.13989,55.52915,10.97796,11.57492,16.72531,16.25095
1631.89190,-0.06521,-2.17619,55.90137,10.99523,11.61983,16.87127,16.41504
1631.90190,-0.03490,-2.18144,55.91106,11.01349,11.59264,16.89697,16.40796
1631.91190,0.02175,-2.19489,55.90592,11.03351,11.53756,16.94754,16.38731
1631.92190,0.03744,-2.20774,55.84632,11.00371,11.51180,16.96774,16.36307
1631.93190,0.04575,-2.20570,55.79823,10.99266,11.50846,16.96542,16.33170
1631.94190,0.04140,-2.17520,55.76437,11.01523,11.54683,16.92027,16.28204
1631.95190,0.05567,-2.17921,55.75654,11.01989,11.52920,16.93006,16.27739
1631.96190,0.10312,-2.19457,55.72015,11.03251,11.46433,16.96027,16.26304
1631.97190,0.11635,-2.20605,55.67313,11.02589,11.42393,16.96027,16.26304
1631.98190,0.11965,-2.20892,55.66137,11.02423,11.41383,16.96027,16.26304
1631.99190,0.12238,-2.19084,55.63728,11.03284,11.43965,16.94306,16.22174
1632.00190,0.16317,-2.18448,55.63424,11.06908,11.41769,16.95769,16.18977
1632.01190,0.16913,-2.18397,55.63437,11.07423,11.41383,16.96027,16.18604
1632.02190,0.16681,-2.20646,55.59509,11.02002,11.39733,16.99170,16.18604
1632.03190,0.16617,-2.21260,55.58437,11.00523,11.39283,17.00027,16.18604
1632.04190,0.15995,-2.20709,55.64283,11.02669,11.40837,17.00027,16.20750
1632.05190,0.11686,-2.17168,55.69951,11.06865,11.47579,16.93143,16.22364
1632.06190,0.11023,-2.16625,55.70537,11.07423,11.48583,16.92027,16.22504
1632.07190,0.15000,-2.19024,55.84790,11.08323,11.47579,17.03418,16.25469
1632.08190,0.12197,-2.18220,55.81891,11.08323,11.48376,16.98346,16.26846
1632.09190,0.13089,-2.16989,55.85342,11.12528,11.48583,16.97027,16.27204
1632.10190,0.09948,-2.17430,55.85037,11.09323,11.50583,16.96027,16.29104
1632.11190,0.09948,-2.17430,55.85037,11.09323,11.50583,16.96027,16.29104
1632.12190,0.12700,-2.18782,55.68237,11.05423,11.44383,16.95027,16.23404
1632.13190,0.13104,-2.20485,55.61437,11.01523,11.41383,16.96027,16.22504
1632.14190,0.13104,-2.20485,55.61437,11.01523,11.41383,16.96027,16.22504
1632.15190,0.10579,-2.19269,55.52131,11.02117,11.39997,16.87513,16.22504
1632.16190,0.07263,-2.21893,55.51032,10.97684,11.37596,16.87143,16.28609
1632.17190,0.06771,-2.22689,55.51937,10.96523,11.37183,16.88127,16.30104
1632.18190,0.05592,-2.20821,55.68498,11.00612,11.44320,16.90829,16.32737
1632.19190,0.05072,-2.19997,55.75837,11.02423,11.47483,16.92027,16.33904
1632.20190,0.05883,-2.21370,55.68768,11.03285,11.40414,16.88665,16.36404
1632.21190,0.03011,-2.18873,55.75217,11.08498,11.43908,16.82988,16.39823
1632.22190,0.01344,-2.17362,55.79437,11.11323,11.46483,16.80127,16.41504
1632.23190,-0.01588,-2.19231,55.78582,11.07119,11.45771,16.80127,16.45566
1632.24190,-0.05646,-2.19108,55.83995,11.08378,11.46998,16.76339,16.52280
1632.25190,-0.06565,-2.18828,55.85837,11.09323,11.47483,16.75127,16.53904
1632.26190,-0.05762,-2.17938,55.74887,11.08573,11.45983,16.71452,16.48879
1632.27190,-0.05494,-2.17641,55.71237,11.08323,11.45483,16.70227,16.47204
1632.28190,-0.06608,-2.18026,55.72394,11.08323,11.45012,16.69370,16.49690
1632.29190,-0.08094,-2.18538,55.73937,11.08323,11.44383,16.68227,16.53004
1632.30190,-0.11372,-2.13512,55.66337,11.12323,11.49583,16.56227,16.48204
1632.31190,-0.09303,-2.12274,55.63485,11.13563,11.50203,16.56227,16.43492
1632.32190,-0.11374,-2.11372,55.64193,11.11868,11.54389,16.55613,16.42323
1632.33190,-0.13473,-2.11282,55.65737,11.10323,11.56783,16.55227,16.43404
1632.34190,-0.11455,-2.09770,55.63804,11.14257,11.55750,16.52927,16.40871
1632.35190,-0.08247,-2.07370,55.60735,11.20500,11.54110,16.49276,16.36850
1632.36190,-0.07413,-2.06745,55.59937,11.22123,11.53683,16.48327,16.35804
1632.37190,-0.12430,-2.06128,55.62487,11.17698,11.60658,16.47577,16.36554
1632.38190,-0.13808,-2.04647,55.75862,11.20648,11.66808,16.49502,16.38904
1632.39190,-0.13711,-2.04223,55.80037,11.22123,11.68083,16.50227,16.39604
1632.40190,-0.10953,-2.03525,55.75879,11.22123,11.68083,16.51712,16.33960
1632.41190,-0.10814,-2.02496,55.82355,11.26489,11.68897,16.50747,16.36222
1632.42190,-0.11101,-2.02220,55.85137,11.28023,11.69183,16.50227,16.37704
1632.43190,-0.09319,-1.98036,55.84537,11.33923,11.73283,16.46327,16.31004
1632.44190,-0.09670,-1.97445,55.80319,11.32850,11.74060,16.44847,16.28562
1632.45190,-0.10343,-1.95119,55.72508,11.31726,11.77640,16.41217,16.21925
1632.46190,-0.10468,-1.92875,55.71437,11.32923,11.81483,16.39327,16.17704
1632.47190,-0.10210,-1.92247,55.70771,11.33663,11.82001,16.38587,16.16520
1632.48190,-0.09514,-1.90549,55.68971,11.35663,11.83401,16.36587,16.13320
1632.49190,-0.10035,-1.93777,55.74337,11.32923,11.80483,16.41327,16.19604
1632.50190,-0.10317,-1.94217,55.77051,11.31961,11.81495,16.43275,16.20319
1632.51190,-0.11079,-1.95405,55.84384,11.29361,11.84228,16.48542,16.22253
1632.52190,-0.09915,-1.95783,55.83555,11.29766,11.82554,16.49227,16.22009
1632.53190,-0.06707,-1.96601,55.78009,11.31382,11.76640,16.48983,16.21005
1632.54190,-0.09365,-1.97166,55.77474,11.28708,11.77710,16.47967,16.23090
1632.55190,-0.11904,-1.97756,55.74718,11.27023,11.76813,16.45010,16.25871
1632.56190,-0.14694,-1.98061,55.70892,11.28015,11.73494,16.38525,16.30858
1632.57190,-0.15861,-1.96592,55.83511,11.31984,11.78335,16.39319,16.33874
1632.58190,-0.15685,-1.96667,55.81333,11.31637,11.77598,16.38812,16.33286
1632.59190,-0.14407,-1.97272,55.65737,11.29023,11.72283,16.35327,16.29104
1632.60190,-0.14980,-1.97578,55.68137,11.28701,11.72850,16.36104,16.30482
1632.61190,-0.18798,-2.00552,55.85153,11.25643,11.75655,16.42687,16.41168
1632.62190,-0.13310,-2.04479,55.69137,11.22123,11.62983,16.45327,16.38704
1632.63190,-0.12971,-2.04387,55.68724,11.22592,11.62570,16.45088,16.38474
1632.64190,-0.10145,-2.03618,55.65280,11.26499,11.59126,16.43102,16.36553
1632.65190,-0.07434,-2.08016,55.73637,11.34923,11.43383,16.42327,16.53004
1632.66190,-0.07434,-2.08016,55.73637,11.34923,11.43383,16.42327,16.53004
1632.67190,-0.08965,-2.09413,55.87637,11.32023,11.48583,16.50227,16.56804
1632.68190,-0.08965,-2.09413,55.87637,11.32023,11.48583,16.50227,16.56804
1632.69190,-0.08129,-2.07927,55.85472,11.37830,11.45533,16.44420,16.57690
1632.70190,-0.05620,-2.10300,55.86724,11.41784,11.36276,16.44327,16.64337
1632.71190,-0.05595,-2.10324,55.86737,11.41823,11.36183,16.44327,16.64404
1632.72190,-0.15662,-2.05845,55.87228,11.38882,11.50301,16.34523,16.63522
1632.73190,-0.15863,-2.05755,55.87237,11.38823,11.50583,16.34327,16.63504
1632.74190,-0.12245,-2.07648,55.75837,11.40823,11.39283,16.31327,16.64404
1632.75190,-0.11579,-2.05017,55.81877,11.45675,11.43343,16.30337,16.62523
1632.76190,-0.11573,-2.04991,55.81937,11.45723,11.43383,16.30327,16.62504
1632.77190,-0.11573,-2.04991,55.81937,11.45723,11.43383,16.30327,16.62504
1632.78190,-0.12613,-2.06145,55.69694,11.42325,11.38940,16.26298,16.62131
1632.79190,-0.12649,-2.06510,55.69037,11.41823,11.38283,16.26427,16.62504
1632.80190,-0.12622,-2.05319,55.81043,11.46956,11.40980,16.27297,16.65810
1632.81190,-0.12618,-2.05141,55.82837,11.47723,11.41383,16.27427,16.66304
1632.82190,-0.13618,-2.07464,55.74283,11.42885,11.37036,16.26726,16.67636
1632.83190,-0.14624,-2.08861,55.60247,11.38656,11.32119,16.22689,16.66784
1632.84190,-0.14820,-2.08998,55.56737,11.37923,11.31083,16.21427,16.66304
1632.85190,-0.12685,-2.10786,55.51225,11.35440,11.26961,16.23910,16.64913
1632.86190,-0.08049,-2.12276,55.53958,11.38314,11.21572,16.28341,16.65731
1632.87190,-0.04215,-2.11768,55.66937,11.46723,11.19683,16.31327,16.69204
1632.88190,-0.05865,-2.12405,55.72448,11.45471,11.21625,16.33205,16.72147
1632.89190,-0.06441,-2.17041,55.68618,11.38549,11.15664,16.37477,16.76928
1632.90190,-0.06201,-2.19546,55.64437,11.34923,11.11483,16.39327,16.78704
1632.91190,-0.04238,-2.20813,55.70894,11.36259,11.09658,16.43735,16.81242
1632.92190,-0.01800,-2.22388,55.78937,11.37923,11.07383,16.49227,16.84404
1632.93190,-0.01129,-2.24776,55.73515,11.34196,11.03091,16.51109,16.85119
1632.94190,-0.00026,-2.28702,55.64626,11.28084,10.96054,16.54196,16.86292
1632.95190,-0.00248,-2.32593,55.73337,11.24123,10.93983,16.62227,16.93004
1632.96190,0.02756,-2.34319,55.77290,11.24964,10.90494,16.67230,16.94602
1632.97190,0.06888,-2.36694,55.82737,11.26123,10.85683,16.74127,16.96804
1632.98190,0.07544,-2.39328,55.85137,11.22673,10.83633,16.79627,16.99204
1632.99190,0.07634,-2.43329,55.88332,11.17899,10.79861,16.86120,17.04452
1633.00190,0.06504,-2.46069,55.89921,11.15250,10.76418,16.88107,17.10147
1633.01190,0.09683,-2.45402,55.83430,11.15223,10.75533,16.88977,17.03697
1633.02190,0.15116,-2.44359,55.68645,11.16414,10.71090,16.87349,16.93793
1633.03190,0.16808,-2.44203,55.59537,11.18223,10.66083,16.83127,16.92104
1633.04190,0.18522,-2.44808,55.59501,11.18223,10.64592,16.85308,16.91377
1633.05190,0.21521,-2.45868,55.59437,11.18223,10.61983,16.89127,16.90104
1633.06190,0.22997,-2.47287,55.61472,11.18223,10.59319,16.92050,16.91880
1633.07190,0.29174,-2.51104,55.70968,11.16780,10.55153,17.06240,16.92795
1633.08190,0.35401,-2.53486,55.81237,11.14323,10.55783,17.21927,16.89204
1633.09190,0.39813,-2.53975,55.83613,11.15564,10.54270,17.27582,16.86198
1633.10190,0.51716,-2.55294,55.90033,11.18916,10.50179,17.42866,16.78073
1633.11190,0.69020,-2.53911,55.99689,11.29829,10.46410,17.59274,16.64176
1633.12190,0.74410,-2.53104,56.02737,11.33923,10.45483,17.63727,16.59604
1633.13190,0.86001,-2.49607,55.80514,11.37369,10.41952,17.63727,16.37466
1633.14190,0.87875,-2.49042,55.76937,11.37923,10.41383,17.63727,16.33904
1633.15190,0.89162,-2.48817,55.65501,11.33987,10.41399,17.63367,16.26748
1633.16190,0.93021,-2.51441,55.66337,11.31023,10.38283,17.71727,16.25304
1633.17190,0.92649,-2.51853,55.66299,11.30398,10.37888,17.71854,16.26159
1633.18190,0.91100,-2.53571,55.66139,11.27791,10.36239,17.72386,16.29723
1633.19190,0.91041,-2.58033,55.63737,11.23123,10.29083,17.75727,16.35804
1633.20190,0.91298,-2.58396,55.66305,11.23363,10.28951,17.77155,16.36836
1633.21190,0.93173,-2.61045,55.85137,11.25123,10.27983,17.87627,16.44404
1633.22190,0.93173,-2.61045,55.85137,11.25123,10.27983,17.87627,16.44404
1633.23190,0.83666,-2.62182,55.88004,11.18303,10.33124,17.83673,16.52905
1633.24190,0.84340,-2.62100,55.82237,11.16223,10.33183,17.83627,16.49204
1633.25190,0.84670,-2.61910,55.80749,11.15995,10.33303,17.83507,16.47944
1633.26190,0.87189,-2.61295,55.69369,11.13723,10.32695,17.83107,16.39844
1633.27190,0.87893,-2.67025,55.65937,11.09323,10.21783,17.86627,16.48204
1633.28190,0.87729,-2.67363,55.66527,11.08812,10.21697,17.87233,16.48785
1633.29190,0.86466,-2.69955,55.71060,11.04879,10.21030,17.91900,16.53251
1633.30190,0.85999,-2.70913,55.72737,11.03423,10.20783,17.93627,16.54904
1633.31190,0.91034,-2.74230,55.75311,11.02433,10.14645,18.02438,16.55795
1633.32190,0.95367,-2.77769,55.74446,10.97572,10.10524,18.12427,16.53923
1633.33190,0.95410,-2.77804,55.74437,10.97523,10.10483,18.12527,16.53904
1633.34190,0.96528,-2.81089,55.70319,10.92851,10.05573,18.16487,16.55409
1633.35190,1.01932,-2.84127,55.80890,10.93324,10.01647,18.28499,16.57420
1633.36190,1.02827,-2.84508,55.82937,10.93623,10.01183,18.30427,16.57704
1633.37190,1.04604,-2.86317,55.87471,10.92957,9.99117,18.35760,16.59637
1633.38190,1.05491,-2.87221,55.89737,10.92623,9.98083,18.38427,16.60604
1633.39190,1.10321,-2.91230,55.87821,10.89225,9.90939,18.47052,16.60604
1633.40190,1.10718,-2.91344,55.86493,10.90376,9.89013,18.45717,16.61387
1633.41190,1.10671,-2.91273,55.86337,10.90623,9.88883,18.45327,16.61504
1633.42190,1.12258,-2.91965,55.84732,10.88961,9.88253,18.48193,16.59325
1633.43190,1.16471,-2.89938,55.74753,10.89163,9.89295,18.48167,16.48128
1633.44190,1.17652,-2.88947,55.71337,10.89723,9.89883,18.47327,16.44404
1633.45190,1.17781,-2.89216,55.66396,10.89723,9.87382,18.44887,16.44404
1633.46190,1.17863,-2.89388,55.63237,10.89723,9.85783,18.43327,16.44404
1633.47190,1.19204,-2.88299,55.54152,10.90890,9.83880,18.39091,16.40291
1633.48190,1.13687,-2.87128,55.60454,10.91013,9.88966,18.35207,16.45268
1633.49190,1.09633,-2.86820,55.68137,10.90623,9.92983,18.34427,16.50104
1633.50190,1.07300,-2.86335,55.69802,10.91332,9.94082,18.31592,16.52797
1633.51190,1.03541,-2.85555,55.72488,10.92475,9.95853,18.27021,16.57139
1633.52190,1.02138,-2.87343,55.73440,10.91762,9.92552,18.26427,16.62700
1633.53190,1.01884,-2.87714,55.74681,10.91205,9.92665,18.27307,16.63504
1633.54190,1.01507,-2.87951,55.78737,10.89723,9.95083,18.30427,16.63504
1633.55190,1.00657,-2.88649,55.75206,10.88462,9.93317,18.28745,16.64681
1633.56190,0.99427,-2.89156,55.71415,10.87213,9.91912,18.26427,16.65863
1633.57190,0.99367,-2.88680,55.72537,10.87723,9.92983,18.26427,16.65404
1633.58190,0.99092,-2.87843,55.75013,10.89159,9.94518,18.25932,16.65404
1633.59190,0.95472,-2.86954,55.73764,10.86801,9.98582,18.22977,16.65404
1633.60190,0.91991,-2.86917,55.69837,10.82823,10.01183,18.20427,16.65404
1633.61190,0.91991,-2.86917,55.69837,10.82823,10.01183,18.20427,16.65404
1633.62190,0.99840,-2.87215,55.65637,10.88723,9.92983,18.22427,16.61504
1633.63190,0.99840,-2.87215,55.65637,10.88723,9.92983,18.22427,16.61504
1633.64190,0.97258,-2.85421,55.77782,10.92356,9.98283,18.21820,16.65323
1633.65190,0.94161,-2.83195,55.79437,10.96523,10.00183,18.14527,16.68204
1633.66190,0.95074,-2.80621,55.83430,10.99417,10.05092,18.14893,16.64028
1633.67190,0.95733,-2.75671,55.84397,11.02659,10.14339,18.13007,16.54392
1633.68190,0.94100,-2.74766,55.73837,10.99523,10.15683,18.08527,16.50104
1633.69190,0.94111,-2.70731,55.72320,11.04259,10.20234,18.03014,16.44813
1633.70190,0.94131,-2.63855,55.69737,11.12323,10.27983,17.93627,16.35804
1633.71190,0.94131,-2.63855,55.69737,11.12323,10.27983,17.93627,16.35804
1633.72190,0.95651,-2.59711,55.61577,11.13499,10.33779,17.90147,16.24152
1633.73190,0.93502,-2.55594,55.70577,11.16766,10.44046,17.88813,16.20952
1633.74190,0.93707,-2.53336,55.76664,11.20144,10.48553,17.88874,16.19093
1633.75190,0.94941,-2.47013,55.87473,11.28783,10.59611,17.87467,16.11612
1633.76190,0.93999,-2.43126,55.75237,11.28023,10.65083,17.80627,16.01504
1633.77190,0.93197,-2.42323,55.74275,11.28543,10.66149,17.78573,16.01010
1633.78190,0.90914,-2.40035,55.71537,11.30023,10.69183,17.72727,15.99604
1633.79190,0.90212,-2.38856,55.70505,11.30023,10.71655,17.71287,15.97540
1633.80190,0.88238,-2.34377,55.65225,11.30023,10.80502,17.65999,15.88701
1633.81190,0.89017,-2.32047,55.58937,11.30023,10.83683,17.63727,15.81504
1633.82190,0.89017,-2.32047,55.58937,11.30023,10.83683,17.63727,15.81504
1633.83190,0.87595,-2.28102,55.65137,11.34923,10.90883,17.60227,15.79104
1633.84190,0.88713,-2.24084,55.66987,11.39823,10.96533,17.57727,15.72904
1633.85190,0.91254,-2.24003,55.62637,11.39823,10.94983,17.58727,15.69104
1633.86190,0.89633,-2.24457,55.57118,11.37064,10.94420,17.56530,15.69104
1633.87190,0.88374,-2.24809,55.52837,11.34923,10.93983,17.54827,15.69104
1633.88190,0.85784,-2.22757,55.64976,11.38522,11.00266,17.54217,15.71971
1633.89190,0.88112,-2.20701,55.70950,11.43843,11.02373,17.54997,15.69737
1633.90190,0.90592,-2.20234,55.69837,11.45723,11.01183,17.55727,15.67204
1633.91190,0.94494,-2.19528,55.77550,11.49860,11.01884,17.60635,15.65171
1633.92190,0.93703,-2.19692,55.79801,11.51623,11.00629,17.59027,15.68522
1633.93190,0.92842,-2.19855,55.79437,11.51623,11.00083,17.57727,15.70004
1633.94190,0.95074,-2.17381,55.72036,11.52610,11.02156,17.55753,15.61517
1633.95190,0.95104,-2.17348,55.71937,11.52623,11.02183,17.55727,15.61404
1633.96190,0.94893,-2.16219,55.70749,11.46782,11.10301,17.60677,15.52989
1633.97190,0.99107,-2.14907,55.80307,11.56491,11.07677,17.61387,15.54752
1633.98190,1.01273,-2.14238,55.85237,11.61523,11.06283,17.61727,15.55704
1633.99190,1.01402,-2.12962,55.65140,11.54650,11.08110,17.58247,15.44133
1634.00190,1.02446,-2.11717,55.57961,11.53623,11.09253,17.56857,15.38228
1634.01190,1.02600,-2.11560,55.57337,11.53623,11.09383,17.56727,15.37604
1634.02190,1.05763,-2.12060,55.57337,11.55363,11.06425,17.59047,15.36502
1634.03190,1.08054,-2.12421,55.57337,11.56623,11.04283,17.60727,15.35704
1634.04190,1.09836,-2.13816,55.63859,11.59452,11.00705,17.63613,15.40091
1634.05190,1.07630,-2.14591,55.70634,11.57471,11.03545,17.66314,15.43304
1634.06190,1.05165,-2.14418,55.72037,11.54623,11.07383,17.66727,15.43304
1634.07190,1.08802,-2.14545,55.74257,11.56769,11.05829,17.70427,15.41232
1634.08190,1.05735,-2.14650,55.82881,11.57523,11.08317,17.70247,15.46794
1634.09190,1.04212,-2.14672,55.85637,11.57523,11.09383,17.69727,15.49004
1634.10190,1.01471,-2.14526,55.73782,11.53068,11.09383,17.64441,15.46890
1634.11190,1.00579,-2.14479,55.69937,11.51623,11.09383,17.62727,15.46204
1634.12190,1.03286,-2.15219,55.67728,11.51280,11.07021,17.65393,15.44033
1634.13190,1.06151,-2.16960,55.74906,11.54396,11.02561,17.69727,15.48222
1634.14190,1.05221,-2.17284,55.81437,11.56623,11.02183,17.69727,15.52904
1634.15190,1.06721,-2.18398,55.78921,11.54782,11.00280,17.72182,15.51676
1634.16190,1.02682,-2.20100,55.79124,11.49372,11.01610,17.72494,15.55648
1634.17190,0.99579,-2.20722,55.80237,11.46723,11.03183,17.71727,15.58604
1634.18190,1.00932,-2.21535,55.80858,11.48379,10.99790,17.72140,15.60549
1634.19190,1.02849,-2.22685,55.81737,11.50723,10.94983,17.72727,15.63304
1634.20190,1.01747,-2.23116,55.80708,11.49253,10.94983,17.72237,15.64235
1634.21190,1.00638,-2.24371,55.79539,11.47233,10.93464,17.72217,15.66625
1634.22190,1.00680,-2.25208,55.79437,11.46723,10.91883,17.72727,15.68104
1634.23190,1.00680,-2.25208,55.79437,11.46723,10.91883,17.72727,15.68104
1634.24190,0.98079,-2.24568,55.83037,11.47458,10.94161,17.70523,15.70896
1634.25190,0.95622,-2.25312,55.81498,11.47723,10.91455,17.66285,15.76034
1634.26190,0.95375,-2.25471,55.81037,11.47723,10.90883,17.65727,15.76704
1634.27190,0.94943,-2.25921,55.74909,11.38036,10.97012,17.71658,15.68203
1634.28190,0.95704,-2.26188,55.73162,11.38286,10.95408,17.71477,15.67992
1634.29190,0.99905,-2.27527,55.66107,11.41056,10.86541,17.70424,15.68087
1634.30190,0.96026,-2.25879,55.81537,11.41823,10.95983,17.72727,15.71004
1634.31190,0.96308,-2.25667,55.80841,11.42303,10.95743,17.72247,15.70548
1634.32190,0.97285,-2.25844,55.77053,11.43343,10.92751,17.70487,15.70472
1634.33190,0.97550,-2.28535,55.72037,11.41823,10.85683,17.69727,15.74804
1634.34190,0.97550,-2.28535,55.72037,11.41823,10.85683,17.69727,15.74804
1634.35190,1.00586,-2.28780,55.76037,11.43823,10.84683,17.73727,15.73804
1634.36190,1.00586,-2.28780,55.76037,11.43823,10.84683,17.73727,15.73804
1634.37190,0.95807,-2.29032,55.80774,11.39472,10.90311,17.74397,15.76594
1634.38190,0.99001,-2.28298,55.77837,11.44723,10.85683,17.71727,15.75704
1634.39190,0.99391,-2.28648,55.77507,11.44184,10.85232,17.72596,15.75495
1634.40190,1.01588,-2.31454,55.73848,11.39279,10.81817,17.78416,15.74337
1634.41190,0.93884,-2.31182,55.65937,11.34923,10.83683,17.68727,15.78604
1634.42190,0.94027,-2.31344,55.66707,11.35143,10.83375,17.69093,15.79095
1634.43190,0.95334,-2.32812,55.73707,11.37143,10.80575,17.72427,15.83562
1634.44190,0.95841,-2.33306,55.76159,11.37923,10.79564,17.73580,15.85091
1634.45190,0.95833,-2.32594,55.73625,11.37923,10.80297,17.72247,15.83158
1634.46190,0.96340,-2.32786,55.79923,11.37923,10.82334,17.76189,15.83477
1634.47190,0.96733,-2.33147,55.85537,11.37923,10.83683,17.79627,15.84304
1634.48190,0.98038,-2.29971,55.83542,11.43482,10.85109,17.74709,15.80242
1634.49190,0.98338,-2.27852,55.77614,11.45723,10.85683,17.69756,15.76451
1634.50190,0.98260,-2.27562,55.75837,11.45723,10.85683,17.68727,15.75704
1634.51190,0.94887,-2.28355,55.70937,11.40823,10.86683,17.66727,15.76704
1634.52190,0.94887,-2.28355,55.70937,11.40823,10.86683,17.66727,15.76704
1634.53190,0.98480,-2.27107,55.71016,11.45486,10.85103,17.66727,15.73701
1634.54190,0.94405,-2.30695,55.80433,11.38197,10.87380,17.73687,15.81169
1634.55190,0.93655,-2.31279,55.81837,11.36923,10.87783,17.74727,15.82404
1634.56190,0.93195,-2.30633,55.64413,11.34283,10.85055,17.67687,15.77388
1634.57190,0.96886,-2.29342,55.74322,11.39064,10.87384,17.72826,15.75049
1634.58190,0.97439,-2.29165,55.76137,11.39823,10.87783,17.73727,15.74804
1634.59190,0.97439,-2.29165,55.76137,11.39823,10.87783,17.73727,15.74804
1634.60190,0.98129,-2.27806,55.80045,11.43731,10.88760,17.72750,15.74804
1634.61190,0.98145,-2.27775,55.80137,11.43823,10.88783,17.72727,15.74804
1634.62190,1.00012,-2.31528,55.68158,11.36992,10.81655,17.75697,15.73814
1634.63190,0.98708,-2.30546,55.76837,11.40823,10.83683,17.74727,15.77604
1634.64190,1.00158,-2.28786,55.73124,11.44462,10.82867,17.71014,15.74782
1634.65190,0.99977,-2.30643,55.66731,11.39951,10.80289,17.71947,15.74544
1634.66190,0.99736,-2.31510,55.64937,11.37923,10.79483,17.72727,15.74804
1634.67190,1.00507,-2.33374,55.67631,11.36454,10.77475,17.76596,15.77106
1634.68190,1.01309,-2.35314,55.70437,11.34923,10.75383,17.80627,15.79504
1634.69190,1.01007,-2.36093,55.73341,11.34923,10.74629,17.81758,15.82030
1634.70190,0.98819,-2.37278,55.77511,11.33671,10.74636,17.82374,15.86830
1634.71190,0.97810,-2.37218,55.77137,11.32923,10.75383,17.81627,15.87204
1634.72190,0.99409,-2.38719,55.84747,11.34735,10.72907,17.85854,15.91251
1634.73190,1.00007,-2.40623,55.90962,11.33536,10.71896,17.91076,15.94455
1634.74190,0.99723,-2.41206,55.91737,11.32023,10.72283,17.92627,15.94804
1634.75190,1.04897,-2.41090,55.90395,11.36171,10.67891,17.94457,15.91876
1634.76190,1.08206,-2.41016,55.89537,11.38823,10.65083,17.95627,15.90004
1634.77190,1.07142,-2.41138,55.88351,11.37502,10.65636,17.94953,15.90260
1634.78190,1.00684,-2.41875,55.84306,11.31376,10.68364,17.90627,15.93940
1634.79190,1.01729,-2.41730,55.94237,11.37923,10.66083,17.90627,15.99604
1634.80190,1.03209,-2.42481,55.84976,11.35963,10.62555,17.89647,15.96811
1634.81190,1.05409,-2.43728,55.71858,11.33923,10.56384,17.87647,15.93904
1634.82190,1.04315,-2.45405,55.63435,11.29121,10.53783,17.86627,15.93904
1634.83190,1.02637,-2.45708,55.55203,11.23143,10.55792,17.86137,15.90131
1634.84190,1.02818,-2.44726,55.51837,11.22123,10.57883,17.85627,15.86204
1634.85190,1.02884,-2.45711,55.57954,11.22123,10.57883,17.88915,15.89032
1634.86190,1.03019,-2.47715,55.70437,11.22123,10.57883,17.95627,15.94804
1634.87190,1.03189,-2.50387,55.73837,11.24123,10.50683,17.95627,16.03404
1634.88190,1.01804,-2.49238,55.77244,11.24490,10.54457,17.95260,16.03038
1634.89190,1.00134,-2.49956,55.78601,11.21919,10.55799,17.96391,16.04492
1634.90190,1.01424,-2.54771,55.70537,11.16223,10.46583,17.99527,16.08204
1634.91190,1.00583,-2.55170,55.75733,11.16632,10.47217,18.00754,16.11129
1634.92190,0.98254,-2.56272,55.90165,11.17769,10.48979,18.04163,16.19254
1634.93190,0.97327,-2.56711,55.95937,11.18223,10.49683,18.05527,16.22504
1634.94190,1.02099,-2.57771,55.82985,11.18837,10.41458,18.04299,16.18391
1634.95190,1.00063,-2.59564,55.71055,11.13794,10.37503,18.00477,16.19281
1634.96190,0.96832,-2.60283,55.68637,11.10323,10.38283,17.98527,16.21504
1634.97190,0.99058,-2.59678,55.68861,11.11068,10.39103,18.00761,16.17928
1634.98190,0.99820,-2.59471,55.68937,11.11323,10.39383,18.01527,16.16704
1634.99190,1.02722,-2.61287,55.77832,11.13841,10.35859,18.07400,16.20732
1635.00190,1.01444,-2.59398,55.63037,11.11323,10.37283,18.00527,16.13904
1635.01190,1.00902,-2.59803,55.64368,11.11086,10.37046,18.00764,16.15472
1635.02190,0.98704,-2.61326,55.70659,11.10556,10.36283,18.01759,16.22061
1635.03190,0.97185,-2.62064,55.77337,11.11323,10.36283,18.02527,16.27204
1635.04190,0.96728,-2.61551,55.77100,11.12250,10.36521,18.00887,16.27442
1635.05190,0.95261,-2.59903,55.76337,11.15223,10.37283,17.95627,16.28204
1635.06190,0.95708,-2.60546,55.74317,11.14412,10.35744,17.95958,16.28204
1635.07190,0.97495,-2.63122,55.66238,11.11167,10.29585,17.97282,16.28204
1635.08190,0.95018,-2.63678,55.76937,11.10323,10.33183,18.00527,16.32904
1635.09190,0.94863,-2.63791,55.75101,11.09744,10.32781,17.99947,16.32629
1635.10190,0.93444,-2.64821,55.58404,11.04476,10.29120,17.94679,16.30129
1635.11190,0.95122,-2.62837,55.66259,11.07964,10.33491,17.97445,16.27358
1635.12190,0.95770,-2.62072,55.69337,11.09323,10.35183,17.98527,16.26304
1635.13190,0.94987,-2.61594,55.65161,11.08279,10.35788,17.96383,16.24710
1635.14190,0.94751,-2.65172,55.73698,11.07423,10.31185,18.01391,16.33698
1635.15190,0.95825,-2.64528,55.76808,11.10294,10.31083,18.01527,16.33904
1635.16190,0.92011,-2.64777,55.78817,11.07749,10.33789,18.00207,16.37072
